gbifID	datasetKey	occurrenceID	kingdom	phylum	class	order	family	genus	species	infraspecificEpithet	taxonRank	scientificName	verbatimScientificName	verbatimScientificNameAuthorship	countryCode	locality	stateProvince	occurrenceStatus	individualCount	publishingOrgKey	decimalLatitude	decimalLongitude	coordinateUncertaintyInMeters	coordinatePrecision	elevation	elevationAccuracy	depth	depthAccuracy	eventDate	day	month	year	taxonKey	speciesKey	basisOfRecord	institutionCode	collectionCode	catalogNumber	recordNumber	identifiedBy	dateIdentified	license	rightsHolder	recordedBy	typeStatus	establishmentMeans	lastInterpreted	mediaType	issue
6480631394	50c9509d-22c7-4a22-a47d-8c48425ef4a7	https://www.inaturalist.org/observations/388992628	Animalia	Chordata	Reptilia	Squamata	Pseudoxyrhophiidae	Langaha	Langaha pseudoalluaudi		SPECIES	Langaha pseudoalluaudi Domergue, 1988	Langaha pseudoalluaudi		MG		Mahajanga	PRESENT		28eb1a3f-1c15-4a95-931a-4af90ecb574d	-15.487104	46.647066	85.0						2018-07-02T14:35	2	7	2018	6NWZ4	6NWZ4	HUMAN_OBSERVATION	iNaturalist	Observations	388992628		Fionn Ó Marcaigh	2026-08-07T10:43:52	CC0_1_0	Fionn Ó Marcaigh	Fionn Ó Marcaigh			2026-09-11T06:15:32.022Z	StillImage	COORDINATE_ROUNDED;CONTINENT_DERIVED_FROM_COORDINATES;TAXON_ID_NOT_FOUND
6480068948	50c9509d-22c7-4a22-a47d-8c48425ef4a7	https://www.inaturalist.org/observations/307416317	Animalia	Chordata	Reptilia	Squamata	Pseudoxyrhophiidae	Langaha	Langaha madagascariensis		SPECIES	Langaha madagascariensis Bonaterre, 1790	Langaha madagascariensis		MG		Toamasina	PRESENT		28eb1a3f-1c15-4a95-931a-4af90ecb574d	-17.800565	48.799507							2024-10-24T09:52	24	10	2024	6NWZ9	6NWZ9	HUMAN_OBSERVATION	iNaturalist	Observations	307416317		Nathalie Jreidini	2025-08-19T01:53:20	CC_BY_NC_4_0	Nathalie Jreidini	Nathalie Jreidini			2026-09-11T06:05:41.617Z	StillImage	COORDINATE_ROUNDED;CONTINENT_DERIVED_FROM_COORDINATES;TAXON_ID_NOT_FOUND
6431436926	50c9509d-22c7-4a22-a47d-8c48425ef4a7	https://www.inaturalist.org/observations/377938430	Animalia	Chordata	Reptilia	Squamata	Pseudoxyrhophiidae	Langaha	Langaha madagascariensis		SPECIES	Langaha madagascariensis Bonaterre, 1790	Langaha madagascariensis		MG		Antsiranana	PRESENT		28eb1a3f-1c15-4a95-931a-4af90ecb574d	-15.704636	49.885004	30870.0						2019-08-11T17:41:09	11	8	2019	6NWZ9	6NWZ9	HUMAN_OBSERVATION	iNaturalist	Observations	377938430		Leonard Spohr	2026-07-04T03:53:38	CC_BY_4_0	Leonard Spohr	Leonard Spohr			2026-09-11T05:59:03.393Z		COORDINATE_ROUNDED;CONTINENT_DERIVED_FROM_COORDINATES;TAXON_ID_NOT_FOUND
6400873326	50c9509d-22c7-4a22-a47d-8c48425ef4a7	https://www.inaturalist.org/observations/370606880	Animalia	Chordata	Reptilia	Squamata	Pseudoxyrhophiidae	Langaha	Langaha madagascariensis		SPECIES	Langaha madagascariensis Bonaterre, 1790	Langaha madagascariensis		MG		Mahajanga	PRESENT		28eb1a3f-1c15-4a95-931a-4af90ecb574d	-19.139489	44.811955							2026-06-11T11:29:32	11	6	2026	6NWZ9	6NWZ9	HUMAN_OBSERVATION	iNaturalist	Observations	370606880		naturalistchu	2026-06-11T12:38:48	CC_BY_NC_4_0	naturalistchu	naturalistchu			2026-09-11T05:49:05.511Z	StillImage	COORDINATE_ROUNDED;CONTINENT_DERIVED_FROM_COORDINATES;TAXON_ID_NOT_FOUND
6399836759	50c9509d-22c7-4a22-a47d-8c48425ef4a7	https://www.inaturalist.org/observations/370105301	Animalia	Chordata	Reptilia	Squamata	Pseudoxyrhophiidae	Langaha	Langaha madagascariensis		SPECIES	Langaha madagascariensis Bonaterre, 1790	Langaha madagascariensis		MG		Toamasina	PRESENT		28eb1a3f-1c15-4a95-931a-4af90ecb574d	-18.599154	49.208611	638.0						2024-05-08T21:45	8	5	2024	6NWZ9	6NWZ9	HUMAN_OBSERVATION	iNaturalist	Observations	370105301		ns777	2026-06-09T18:48:27	CC_BY_NC_4_0	ns777	ns777			2026-09-11T05:37:18.252Z	StillImage	COORDINATE_ROUNDED;CONTINENT_DERIVED_FROM_COORDINATES;TAXON_ID_NOT_FOUND
6398890461	50c9509d-22c7-4a22-a47d-8c48425ef4a7	https://www.inaturalist.org/observations/370625074	Animalia	Chordata	Reptilia	Squamata	Pseudoxyrhophiidae	Langaha	Langaha madagascariensis		SPECIES	Langaha madagascariensis Bonaterre, 1790	Langaha madagascariensis		MG		Mahajanga	PRESENT		28eb1a3f-1c15-4a95-931a-4af90ecb574d	-19.139483	44.81235	2.0						2026-06-11T11:20:09	11	6	2026	6NWZ9	6NWZ9	HUMAN_OBSERVATION	iNaturalist	Observations	370625074		jsulan	2026-06-11T14:02:26	CC_BY_NC_4_0	jsulan	jsulan			2026-09-11T06:07:43.505Z	StillImage	COORDINATE_ROUNDED;CONTINENT_DERIVED_FROM_COORDINATES;TAXON_ID_NOT_FOUND
6190549921	d8cd16ba-bb74-4420-821e-083f2bac17c2	LC640438	Animalia	Chordata	Reptilia	Squamata	Pseudoxyrhophiidae	Langaha	Langaha madagascariensis		SPECIES	Langaha madagascariensis Bonaterre, 1790	Langaha madagascariensis					PRESENT		ada9d123-ddb4-467d-8891-806ea8d94230													6NWZ9	6NWZ9	PRESERVED_SPECIMEN			ZSM:567/2001				CC_BY_4_0					2026-09-14T11:55:19.516Z		TAXON_ID_NOT_FOUND;TAXON_CONCEPT_ID_NOT_FOUND
6179385212	50c9509d-22c7-4a22-a47d-8c48425ef4a7	https://www.inaturalist.org/observations/342383109	Animalia	Chordata	Reptilia	Squamata	Pseudoxyrhophiidae	Langaha	Langaha madagascariensis		SPECIES	Langaha madagascariensis Bonaterre, 1790	Langaha madagascariensis		MG		Antsiranana	PRESENT		28eb1a3f-1c15-4a95-931a-4af90ecb574d	-12.974682	49.714605	31.0						2017-10-21T15:47	21	10	2017	6NWZ9	6NWZ9	HUMAN_OBSERVATION	iNaturalist	Observations	342383109		Andrianiaina Angelo	2026-03-11T06:15:24	CC_BY_NC_4_0	Andrianiaina Angelo	Andrianiaina Angelo			2026-09-11T05:22:44.811Z	StillImage	COORDINATE_ROUNDED;CONTINENT_DERIVED_FROM_COORDINATES;TAXON_ID_NOT_FOUND
6179364923	50c9509d-22c7-4a22-a47d-8c48425ef4a7	https://www.inaturalist.org/observations/342782642	Animalia	Chordata	Reptilia	Squamata	Pseudoxyrhophiidae	Langaha	Langaha madagascariensis		SPECIES	Langaha madagascariensis Bonaterre, 1790	Langaha madagascariensis		MG		Toamasina	PRESENT		28eb1a3f-1c15-4a95-931a-4af90ecb574d	-18.627254	49.205436	350.0						2026-03-08T19:56	8	3	2026	6NWZ9	6NWZ9	HUMAN_OBSERVATION	iNaturalist	Observations	342782642		Bobby Bok	2026-03-13T19:23:24	CC_BY_NC_4_0	Bobby Bok	Bobby Bok			2026-09-11T06:14:12.962Z	StillImage	COORDINATE_ROUNDED;CONTINENT_DERIVED_FROM_COORDINATES;TAXON_ID_NOT_FOUND
6179345697	50c9509d-22c7-4a22-a47d-8c48425ef4a7	https://www.inaturalist.org/observations/341885340	Animalia	Chordata	Reptilia	Squamata	Pseudoxyrhophiidae	Langaha	Langaha madagascariensis		SPECIES	Langaha madagascariensis Bonaterre, 1790	Langaha madagascariensis		MG		Toamasina	PRESENT		28eb1a3f-1c15-4a95-931a-4af90ecb574d	-18.679154	49.215714	30632.0						2025-12-02T08:26	2	12	2025	6NWZ9	6NWZ9	HUMAN_OBSERVATION	iNaturalist	Observations	341885340		calfirecap	2026-03-08T15:05:06	CC_BY_NC_4_0	calfirecap	calfirecap			2026-09-11T05:36:23.053Z	StillImage	COORDINATE_ROUNDED;CONTINENT_DERIVED_FROM_COORDINATES;TAXON_ID_NOT_FOUND
6178766309	50c9509d-22c7-4a22-a47d-8c48425ef4a7	https://www.inaturalist.org/observations/342550309	Animalia	Chordata	Reptilia	Squamata	Pseudoxyrhophiidae	Langaha	Langaha madagascariensis		SPECIES	Langaha madagascariensis Bonaterre, 1790	Langaha madagascariensis		MG		Antsiranana	PRESENT		28eb1a3f-1c15-4a95-931a-4af90ecb574d	-13.03583	49.556068	122.0						2017-11-29T13:27	29	11	2017	6NWZ9	6NWZ9	HUMAN_OBSERVATION	iNaturalist	Observations	342550309		Andrianiaina Angelo	2026-03-12T08:01:44	CC_BY_NC_4_0	Andrianiaina Angelo	Andrianiaina Angelo			2026-09-11T05:22:57.358Z	StillImage	COORDINATE_ROUNDED;CONTINENT_DERIVED_FROM_COORDINATES;TAXON_ID_NOT_FOUND
6178759677	50c9509d-22c7-4a22-a47d-8c48425ef4a7	https://www.inaturalist.org/observations/341890275	Animalia	Chordata	Reptilia	Squamata	Pseudoxyrhophiidae	Langaha	Langaha madagascariensis		SPECIES	Langaha madagascariensis Bonaterre, 1790	Langaha madagascariensis		MG		Toamasina	PRESENT		28eb1a3f-1c15-4a95-931a-4af90ecb574d	-18.605714	49.211647	66.0						2025-12-02T10:37	2	12	2025	6NWZ9	6NWZ9	HUMAN_OBSERVATION	iNaturalist	Observations	341890275		calfirecap	2026-03-08T15:32:46	CC_BY_NC_4_0	calfirecap	calfirecap			2026-09-11T05:22:42.735Z	StillImage	COORDINATE_ROUNDED;CONTINENT_DERIVED_FROM_COORDINATES;TAXON_ID_NOT_FOUND
6178627178	50c9509d-22c7-4a22-a47d-8c48425ef4a7	https://www.inaturalist.org/observations/342547146	Animalia	Chordata	Reptilia	Squamata	Pseudoxyrhophiidae	Langaha	Langaha madagascariensis		SPECIES	Langaha madagascariensis Bonaterre, 1790	Langaha madagascariensis		MG		Antsiranana	PRESENT		28eb1a3f-1c15-4a95-931a-4af90ecb574d	-13.209051	49.546112	31.0						2017-11-17T10:22	17	11	2017	6NWZ9	6NWZ9	HUMAN_OBSERVATION	iNaturalist	Observations	342547146		Andrianiaina Angelo	2026-03-12T07:15:16	CC_BY_NC_4_0	Andrianiaina Angelo	Andrianiaina Angelo			2026-09-11T05:48:19.175Z	StillImage	COORDINATE_ROUNDED;CONTINENT_DERIVED_FROM_COORDINATES;TAXON_ID_NOT_FOUND
6171229707	50c9509d-22c7-4a22-a47d-8c48425ef4a7	https://www.inaturalist.org/observations/340605995	Animalia	Chordata	Reptilia	Squamata	Pseudoxyrhophiidae	Langaha	Langaha madagascariensis		SPECIES	Langaha madagascariensis Bonaterre, 1790	Langaha madagascariensis		MG		Antsiranana	PRESENT		28eb1a3f-1c15-4a95-931a-4af90ecb574d	-13.394461	48.324065	3752.0						2025-11-07T21:02	7	11	2025	6NWZ9	6NWZ9	HUMAN_OBSERVATION	iNaturalist	Observations	340605995		Thomas Degraeve	2026-02-28T15:53:52	CC_BY_NC_4_0	Thomas Degraeve	Thomas Degraeve			2026-09-11T06:04:21.809Z	StillImage	COORDINATE_ROUNDED;CONTINENT_DERIVED_FROM_COORDINATES;TAXON_ID_NOT_FOUND
6163349639	50c9509d-22c7-4a22-a47d-8c48425ef4a7	https://www.inaturalist.org/observations/339900332	Animalia	Chordata	Reptilia	Squamata	Pseudoxyrhophiidae	Langaha	Langaha madagascariensis		SPECIES	Langaha madagascariensis Bonaterre, 1790	Langaha madagascariensis		MG		Toliary	PRESENT		28eb1a3f-1c15-4a95-931a-4af90ecb574d	-22.885285	44.692918	9.0						2026-02-23T11:54:03	23	2	2026	6NWZ9	6NWZ9	HUMAN_OBSERVATION	iNaturalist	Observations	339900332		Wouter Beukema	2026-02-23T15:42:17	CC_BY_NC_4_0	Wouter Beukema	Wouter Beukema			2026-09-11T05:39:00.615Z	StillImage	COORDINATE_ROUNDED;CONTINENT_DERIVED_FROM_COORDINATES;TAXON_ID_NOT_FOUND
5935744018	50c9509d-22c7-4a22-a47d-8c48425ef4a7	https://www.inaturalist.org/observations/331778245	Animalia	Chordata	Reptilia	Squamata	Pseudoxyrhophiidae	Langaha	Langaha madagascariensis		SPECIES	Langaha madagascariensis Bonaterre, 1790	Langaha madagascariensis		MG		Toamasina	PRESENT		28eb1a3f-1c15-4a95-931a-4af90ecb574d	-18.60613	49.213331	8.0						2025-11-20T21:48	20	11	2025	6NWZ9	6NWZ9	HUMAN_OBSERVATION	iNaturalist	Observations	331778245		Samuel GUIRAUDOU	2025-12-23T08:24:32	CC_BY_4_0	Samuel GUIRAUDOU	Samuel GUIRAUDOU			2026-09-11T05:21:18.748Z	StillImage	COORDINATE_ROUNDED;CONTINENT_DERIVED_FROM_COORDINATES;TAXON_ID_NOT_FOUND
5935735656	50c9509d-22c7-4a22-a47d-8c48425ef4a7	https://www.inaturalist.org/observations/331305553	Animalia	Chordata	Reptilia	Squamata	Pseudoxyrhophiidae	Langaha	Langaha madagascariensis		SPECIES	Langaha madagascariensis Bonaterre, 1790	Langaha madagascariensis		MG		Mahajanga	PRESENT		28eb1a3f-1c15-4a95-931a-4af90ecb574d	-16.317074	46.808484	991.0						2025-10-12T07:52	12	10	2025	6NWZ9	6NWZ9	HUMAN_OBSERVATION	iNaturalist	Observations	331305553		asanoth	2025-12-19T13:55:07	CC_BY_NC_4_0	asanoth	asanoth			2026-09-11T05:57:56.521Z	StillImage	COORDINATE_ROUNDED;CONTINENT_DERIVED_FROM_COORDINATES;TAXON_ID_NOT_FOUND
5935717287	50c9509d-22c7-4a22-a47d-8c48425ef4a7	https://www.inaturalist.org/observations/331778234	Animalia	Chordata	Reptilia	Squamata	Pseudoxyrhophiidae	Langaha	Langaha madagascariensis		SPECIES	Langaha madagascariensis Bonaterre, 1790	Langaha madagascariensis		MG		Toamasina	PRESENT		28eb1a3f-1c15-4a95-931a-4af90ecb574d	-18.606529	49.213071	8.0						2025-11-20T15:48	20	11	2025	6NWZ9	6NWZ9	HUMAN_OBSERVATION	iNaturalist	Observations	331778234		Samuel GUIRAUDOU	2025-12-23T08:24:29	CC_BY_4_0	Samuel GUIRAUDOU	Samuel GUIRAUDOU			2026-09-11T06:14:07.575Z	StillImage	COORDINATE_ROUNDED;CONTINENT_DERIVED_FROM_COORDINATES;TAXON_ID_NOT_FOUND
5935584104	50c9509d-22c7-4a22-a47d-8c48425ef4a7	https://www.inaturalist.org/observations/331778248	Animalia	Chordata	Reptilia	Squamata	Pseudoxyrhophiidae	Langaha	Langaha madagascariensis		SPECIES	Langaha madagascariensis Bonaterre, 1790	Langaha madagascariensis		MG		Toamasina	PRESENT		28eb1a3f-1c15-4a95-931a-4af90ecb574d	-18.605972	49.213202	8.0						2025-11-20T22:13	20	11	2025	6NWZ9	6NWZ9	HUMAN_OBSERVATION	iNaturalist	Observations	331778248		Samuel GUIRAUDOU	2025-12-23T08:24:33	CC_BY_4_0	Samuel GUIRAUDOU	Samuel GUIRAUDOU			2026-09-11T05:22:03.361Z	StillImage	COORDINATE_ROUNDED;CONTINENT_DERIVED_FROM_COORDINATES;TAXON_ID_NOT_FOUND
5935441495	50c9509d-22c7-4a22-a47d-8c48425ef4a7	https://www.inaturalist.org/observations/331778224	Animalia	Chordata	Reptilia	Squamata	Pseudoxyrhophiidae	Langaha	Langaha madagascariensis		SPECIES	Langaha madagascariensis Bonaterre, 1790	Langaha madagascariensis		MG		Toamasina	PRESENT		28eb1a3f-1c15-4a95-931a-4af90ecb574d	-18.605023	49.211053	8.0						2025-11-20T15:21	20	11	2025	6NWZ9	6NWZ9	HUMAN_OBSERVATION	iNaturalist	Observations	331778224		Samuel GUIRAUDOU	2025-12-23T08:24:27	CC_BY_4_0	Samuel GUIRAUDOU	Samuel GUIRAUDOU			2026-09-11T06:06:00.750Z	StillImage	COORDINATE_ROUNDED;CONTINENT_DERIVED_FROM_COORDINATES;TAXON_ID_NOT_FOUND
5935348992	50c9509d-22c7-4a22-a47d-8c48425ef4a7	https://www.inaturalist.org/observations/331778244	Animalia	Chordata	Reptilia	Squamata	Pseudoxyrhophiidae	Langaha	Langaha madagascariensis		SPECIES	Langaha madagascariensis Bonaterre, 1790	Langaha madagascariensis		MG		Toamasina	PRESENT		28eb1a3f-1c15-4a95-931a-4af90ecb574d	-18.606114	49.213341	8.0						2025-11-20T15:36	20	11	2025	6NWZ9	6NWZ9	HUMAN_OBSERVATION	iNaturalist	Observations	331778244		Samuel GUIRAUDOU	2025-12-23T08:24:32	CC_BY_4_0	Samuel GUIRAUDOU	Samuel GUIRAUDOU			2026-09-11T05:50:57.529Z	StillImage	COORDINATE_ROUNDED;CONTINENT_DERIVED_FROM_COORDINATES;TAXON_ID_NOT_FOUND
5935338386	50c9509d-22c7-4a22-a47d-8c48425ef4a7	https://www.inaturalist.org/observations/331778225	Animalia	Chordata	Reptilia	Squamata	Pseudoxyrhophiidae	Langaha	Langaha madagascariensis		SPECIES	Langaha madagascariensis Bonaterre, 1790	Langaha madagascariensis		MG		Toamasina	PRESENT		28eb1a3f-1c15-4a95-931a-4af90ecb574d	-18.606289	49.213232	15.0						2025-11-20T15:30	20	11	2025	6NWZ9	6NWZ9	HUMAN_OBSERVATION	iNaturalist	Observations	331778225		Samuel GUIRAUDOU	2025-12-23T08:24:27	CC_BY_4_0	Samuel GUIRAUDOU	Samuel GUIRAUDOU			2026-09-11T05:47:49.365Z	StillImage	COORDINATE_ROUNDED;CONTINENT_DERIVED_FROM_COORDINATES;TAXON_ID_NOT_FOUND
5932623451	50c9509d-22c7-4a22-a47d-8c48425ef4a7	https://www.inaturalist.org/observations/330116945	Animalia	Chordata	Reptilia	Squamata	Pseudoxyrhophiidae	Langaha	Langaha madagascariensis		SPECIES	Langaha madagascariensis Bonaterre, 1790	Langaha madagascariensis		MG		Antsiranana	PRESENT		28eb1a3f-1c15-4a95-931a-4af90ecb574d	-13.381155	48.312429	15.0						2025-11-07T21:42	7	11	2025	6NWZ9	6NWZ9	HUMAN_OBSERVATION	iNaturalist	Observations	330116945		Samuel GUIRAUDOU	2025-12-09T16:34:17	CC_BY_4_0	Samuel GUIRAUDOU	Samuel GUIRAUDOU			2026-09-11T06:12:49.205Z	StillImage	COORDINATE_ROUNDED;CONTINENT_DERIVED_FROM_COORDINATES;TAXON_ID_NOT_FOUND
5921317633	de3dee7c-fe57-417b-bd64-23ec1c1b89da	urn:catalog:ZMBN:OM:000518	Animalia	Chordata	Reptilia	Squamata	Pseudoxyrhophiidae	Langaha	Langaha madagascariensis		SPECIES	Langaha madagascariensis Bonaterre, 1790	Langaha madagascariensis					PRESENT		3f3967bf-ecc7-4455-ba89-4e0ab6d6fd3c													6NWZ9	6NWZ9	PRESERVED_SPECIMEN	UiB	ZMBN-vert-herp	000518				CC_BY_4_0		SGF			2026-09-02T09:28:13.750Z		
5901701897	8a863029-f435-446a-821e-275f4f641165	https://observation.org/observation/379149617	Animalia	Chordata	Reptilia	Squamata	Pseudoxyrhophiidae	Langaha	Langaha madagascariensis		SPECIES	Langaha madagascariensis Bonaterre, 1790	Langaha madagascariensis		MG	Tsingy de Bemaraha NP	Melaky	PRESENT	1	c8d737e0-2ff8-42e8-b8fc-6b805d26fc5f	-19.0177	44.7699	5.0						2015-08-07	7	8	2015	6NWZ9	6NWZ9	HUMAN_OBSERVATION							CC_BY_NC_4_0	Stichting Observation International	User 1207597			2026-09-01T17:43:22.090Z		
5897609366	50c9509d-22c7-4a22-a47d-8c48425ef4a7	https://www.inaturalist.org/observations/326351242	Animalia	Chordata	Reptilia	Squamata	Pseudoxyrhophiidae	Langaha	Langaha madagascariensis		SPECIES	Langaha madagascariensis Bonaterre, 1790	Langaha madagascariensis		MG		Toamasina	PRESENT		28eb1a3f-1c15-4a95-931a-4af90ecb574d	-18.605358	49.2136	16.0						2025-11-13T16:12:55	13	11	2025	6NWZ9	6NWZ9	HUMAN_OBSERVATION	iNaturalist	Observations	326351242		tarrybutcher	2025-11-13T17:19:24	CC_BY_NC_4_0	tarrybutcher	tarrybutcher			2026-09-11T05:51:25.751Z	StillImage	COORDINATE_ROUNDED;CONTINENT_DERIVED_FROM_COORDINATES;TAXON_ID_NOT_FOUND
5844507146	50c9509d-22c7-4a22-a47d-8c48425ef4a7	https://www.inaturalist.org/observations/317771981	Animalia	Chordata	Reptilia	Squamata	Pseudoxyrhophiidae	Langaha	Langaha madagascariensis		SPECIES	Langaha madagascariensis Bonaterre, 1790	Langaha madagascariensis		MG		Antsiranana	PRESENT		28eb1a3f-1c15-4a95-931a-4af90ecb574d	-13.390853	48.341553	4.0						2025-09-26T10:28:03	26	9	2025	6NWZ9	6NWZ9	HUMAN_OBSERVATION	iNaturalist	Observations	317771981		Paul Freed	2025-09-30T17:02:10	CC_BY_NC_4_0	spunkie	spunkie			2026-09-11T05:20:48.602Z	StillImage	COORDINATE_ROUNDED;CONTINENT_DERIVED_FROM_COORDINATES;TAXON_ID_NOT_FOUND
5840337112	50c9509d-22c7-4a22-a47d-8c48425ef4a7	https://www.inaturalist.org/observations/319246392	Animalia	Chordata	Reptilia	Squamata	Pseudoxyrhophiidae	Langaha	Langaha madagascariensis		SPECIES	Langaha madagascariensis Bonaterre, 1790	Langaha madagascariensis		MG		Antsiranana	PRESENT		28eb1a3f-1c15-4a95-931a-4af90ecb574d	-13.390868	48.340945	393.0						2025-09-26T17:46	26	9	2025	6NWZ9	6NWZ9	HUMAN_OBSERVATION	iNaturalist	Observations	319246392		Justin Hofman	2025-10-06T22:53:14	CC_BY_NC_4_0	Justin Hofman	Justin Hofman			2026-09-11T05:35:24.248Z	StillImage	COORDINATE_ROUNDED;CONTINENT_DERIVED_FROM_COORDINATES;TAXON_ID_NOT_FOUND
5838232887	50c9509d-22c7-4a22-a47d-8c48425ef4a7	https://www.inaturalist.org/observations/317781340	Animalia	Chordata	Reptilia	Squamata	Pseudoxyrhophiidae	Langaha	Langaha madagascariensis		SPECIES	Langaha madagascariensis Bonaterre, 1790	Langaha madagascariensis		MG		Antsiranana	PRESENT		28eb1a3f-1c15-4a95-931a-4af90ecb574d	-13.390881	48.341533							2025-09-30T09:39:38	30	9	2025	6NWZ9	6NWZ9	HUMAN_OBSERVATION	iNaturalist	Observations	317781340		dorolexploratrice	2025-09-30T15:19:49	CC_BY_NC_4_0	dorolexploratrice	dorolexploratrice			2026-09-11T05:57:26.896Z	StillImage	COORDINATE_ROUNDED;CONTINENT_DERIVED_FROM_COORDINATES;TAXON_ID_NOT_FOUND
5217398407	50c9509d-22c7-4a22-a47d-8c48425ef4a7	https://www.inaturalist.org/observations/293114330	Animalia	Chordata	Reptilia	Squamata	Pseudoxyrhophiidae	Langaha	Langaha madagascariensis		SPECIES	Langaha madagascariensis Bonaterre, 1790	Langaha madagascariensis		MG		Mahajanga	PRESENT		28eb1a3f-1c15-4a95-931a-4af90ecb574d	-15.487263	46.691928	5.0						2024-07-27T19:38:04	27	7	2024	6NWZ9	6NWZ9	HUMAN_OBSERVATION	iNaturalist	Observations	293114330		harrisonwhitley	2025-06-27T13:22:34	CC_BY_NC_4_0	harrisonwhitley	harrisonwhitley			2026-09-11T05:34:10.078Z	StillImage	COORDINATE_ROUNDED;CONTINENT_DERIVED_FROM_COORDINATES;TAXON_ID_NOT_FOUND
5170862452	6ac3f774-d9fb-4796-b3e9-92bf6c81c084		Animalia	Chordata	Reptilia	Squamata	Pseudoxyrhophiidae	Langaha	Langaha madagascariensis		SPECIES	Langaha madagascariensis Bonaterre, 1790	Langaha madagascariensis		MG	Réserve Peyrieras		PRESENT		bb646dff-a905-4403-a49b-6d378c2cf0d9	-18.93162	47.949772	250.0						2025-04-29T00:00	29	4	2025	6NWZ9	6NWZ9	HUMAN_OBSERVATION	NABU|naturgucker	NABU|naturgucker	-1499569479				CC_BY_4_0		971241173			2026-09-10T18:03:42.680Z	StillImage	COORDINATE_ROUNDED;GEODETIC_DATUM_ASSUMED_WGS84;CONTINENT_DERIVED_FROM_COORDINATES
5151272356	9661bc40-f762-11e1-a439-00145eb45e9a	https://id.senckenberg.de/object/sesam-1700321	Animalia	Chordata	Reptilia	Squamata	Pseudoxyrhophiidae	Langaha	Langaha madagascariensis		SPECIES	Langaha madagascariensis Bonaterre, 1790	Langaha madagascariensis Bonaterre 1790		MG			PRESENT		c76cf030-2a95-11da-9cc1-b8a03c50a862									1990			1990	6NWZ9	6NWZ9	PRESERVED_SPECIMEN	SMF	Collection Herpetology	107868				CC_BY_4_0					2026-09-01T20:40:21.894Z		CONTINENT_DERIVED_FROM_COUNTRY;COLLECTION_MATCH_NONE;INSTITUTION_MATCH_FUZZY
5151272346	9661bc40-f762-11e1-a439-00145eb45e9a	https://id.senckenberg.de/object/sesam-1700320	Animalia	Chordata	Reptilia	Squamata	Pseudoxyrhophiidae	Langaha	Langaha madagascariensis		SPECIES	Langaha madagascariensis Bonaterre, 1790	Langaha madagascariensis Bonaterre 1790		MG			PRESENT		c76cf030-2a95-11da-9cc1-b8a03c50a862									1990			1990	6NWZ9	6NWZ9	PRESERVED_SPECIMEN	SMF	Collection Herpetology	107867				CC_BY_4_0					2026-09-01T20:40:21.890Z		CONTINENT_DERIVED_FROM_COUNTRY;COLLECTION_MATCH_NONE;INSTITUTION_MATCH_FUZZY
5069809598	50c9509d-22c7-4a22-a47d-8c48425ef4a7	https://www.inaturalist.org/observations/261418718	Animalia	Chordata	Reptilia	Squamata	Pseudoxyrhophiidae	Langaha	Langaha madagascariensis		SPECIES	Langaha madagascariensis Bonaterre, 1790	Langaha madagascariensis		MG		Mahajanga	PRESENT		28eb1a3f-1c15-4a95-931a-4af90ecb574d	-16.320153	46.796307	9.0						2025-02-08T15:51:46	8	2	2025	6NWZ9	6NWZ9	HUMAN_OBSERVATION	iNaturalist	Observations	261418718		markus_b	2025-02-12T08:39:27	CC_BY_NC_4_0	Franck Rakotonasolo	Franck Rakotonasolo			2026-09-11T05:18:14.089Z	StillImage	COORDINATE_ROUNDED;CONTINENT_DERIVED_FROM_COORDINATES;TAXON_ID_NOT_FOUND
5064121242	50c9509d-22c7-4a22-a47d-8c48425ef4a7	https://www.inaturalist.org/observations/261372248	Animalia	Chordata	Reptilia	Squamata	Pseudoxyrhophiidae	Langaha	Langaha madagascariensis		SPECIES	Langaha madagascariensis Bonaterre, 1790	Langaha madagascariensis		MG		Toamasina	PRESENT		28eb1a3f-1c15-4a95-931a-4af90ecb574d	-18.605654	49.211129	409.0						2019-11-10T10:20	10	11	2019	6NWZ9	6NWZ9	HUMAN_OBSERVATION	iNaturalist	Observations	261372248		Karen Andrea Boehme	2025-02-11T19:06:46	CC_BY_NC_4_0	Karen Andrea Boehme	Karen Andrea Boehme			2026-09-11T05:32:43.032Z	StillImage	COORDINATE_ROUNDED;CONTINENT_DERIVED_FROM_COORDINATES;TAXON_ID_NOT_FOUND
5063923315	50c9509d-22c7-4a22-a47d-8c48425ef4a7	https://www.inaturalist.org/observations/260824465	Animalia	Chordata	Reptilia	Squamata	Pseudoxyrhophiidae	Langaha	Langaha madagascariensis		SPECIES	Langaha madagascariensis Bonaterre, 1790	Langaha madagascariensis		MG		Mahajanga	PRESENT		28eb1a3f-1c15-4a95-931a-4af90ecb574d	-19.141042	44.81317	177.0						2019-10-29T11:55	29	10	2019	6NWZ9	6NWZ9	HUMAN_OBSERVATION	iNaturalist	Observations	260824465		Karen Andrea Boehme	2025-02-06T18:21:57	CC_BY_NC_4_0	Karen Andrea Boehme	Karen Andrea Boehme			2026-09-11T05:49:56.975Z	StillImage	COORDINATE_ROUNDED;CONTINENT_DERIVED_FROM_COORDINATES;TAXON_ID_NOT_FOUND
5026955207	6ac3f774-d9fb-4796-b3e9-92bf6c81c084		Animalia	Chordata	Reptilia	Squamata	Pseudoxyrhophiidae	Langaha	Langaha madagascariensis		SPECIES	Langaha madagascariensis Bonaterre, 1790	Langaha madagascariensis		MG	Tsingy und Bekopaka		PRESENT		bb646dff-a905-4403-a49b-6d378c2cf0d9	-19.14045	44.818317	250.0						2019-10-29T00:00	29	10	2019	6NWZ9	6NWZ9	HUMAN_OBSERVATION	NABU|naturgucker	NABU|naturgucker	-186944594				CC_BY_4_0		-632588979			2026-09-10T18:05:39.404Z	StillImage	COORDINATE_ROUNDED;GEODETIC_DATUM_ASSUMED_WGS84;CONTINENT_DERIVED_FROM_COORDINATES
5024889932	6ac3f774-d9fb-4796-b3e9-92bf6c81c084		Animalia	Chordata	Reptilia	Squamata	Pseudoxyrhophiidae	Langaha	Langaha madagascariensis		SPECIES	Langaha madagascariensis Bonaterre, 1790	Langaha madagascariensis		MG	Ankanin'ny Nofy		PRESENT		bb646dff-a905-4403-a49b-6d378c2cf0d9	-18.594027	49.216461	250.0						2019-11-10T00:00	10	11	2019	6NWZ9	6NWZ9	HUMAN_OBSERVATION	NABU|naturgucker	NABU|naturgucker	-1917249988				CC_BY_4_0		-632588979			2026-09-10T18:03:25.586Z	StillImage	COORDINATE_ROUNDED;GEODETIC_DATUM_ASSUMED_WGS84;CONTINENT_DERIVED_FROM_COORDINATES
5022759101	6ac3f774-d9fb-4796-b3e9-92bf6c81c084		Animalia	Chordata	Reptilia	Squamata	Pseudoxyrhophiidae	Langaha	Langaha madagascariensis		SPECIES	Langaha madagascariensis Bonaterre, 1790	Langaha madagascariensis		MG	Andasibe (Perinet) Special Reserve (SÜD)		PRESENT		bb646dff-a905-4403-a49b-6d378c2cf0d9	-18.908236	48.323364	250.0						2018-09-23T00:00	23	9	2018	6NWZ9	6NWZ9	HUMAN_OBSERVATION	NABU|naturgucker	NABU|naturgucker	-1340645189				CC_BY_4_0		870619392			2026-09-10T18:05:57.071Z	StillImage	COORDINATE_ROUNDED;GEODETIC_DATUM_ASSUMED_WGS84;CONTINENT_DERIVED_FROM_COORDINATES
5007892231	50c9509d-22c7-4a22-a47d-8c48425ef4a7	https://www.inaturalist.org/observations/254303924	Animalia	Chordata	Reptilia	Squamata	Pseudoxyrhophiidae	Langaha	Langaha madagascariensis		SPECIES	Langaha madagascariensis Bonaterre, 1790	Langaha madagascariensis		MG		Toamasina	PRESENT		28eb1a3f-1c15-4a95-931a-4af90ecb574d	-18.418797	49.321733	30649.0						2024-11-27T17:48	27	11	2024	6NWZ9	6NWZ9	HUMAN_OBSERVATION	iNaturalist	Observations	254303924		Yu Ching Tam	2024-12-06T14:39:20	CC_BY_NC_4_0	Yu Ching Tam	Yu Ching Tam			2026-09-11T05:45:55.414Z		COORDINATE_ROUNDED;CONTINENT_DERIVED_FROM_COORDINATES;TAXON_ID_NOT_FOUND
5006803707	50c9509d-22c7-4a22-a47d-8c48425ef4a7	https://www.inaturalist.org/observations/254303923	Animalia	Chordata	Reptilia	Squamata	Pseudoxyrhophiidae	Langaha	Langaha madagascariensis		SPECIES	Langaha madagascariensis Bonaterre, 1790	Langaha madagascariensis		MG		Toamasina	PRESENT		28eb1a3f-1c15-4a95-931a-4af90ecb574d	-18.512561	49.331484	30649.0						2024-11-27T16:31	27	11	2024	6NWZ9	6NWZ9	HUMAN_OBSERVATION	iNaturalist	Observations	254303923		Yu Ching Tam	2024-12-06T14:39:19	CC_BY_NC_4_0	Yu Ching Tam	Yu Ching Tam			2026-09-11T06:00:32.910Z		COORDINATE_ROUNDED;CONTINENT_DERIVED_FROM_COORDINATES;TAXON_ID_NOT_FOUND
4994967222	64be02e0-0c64-11dd-84d1-b8a03c50a862	NRM:NRM-Herps:7573	Animalia	Chordata	Reptilia	Squamata	Pseudoxyrhophiidae	Langaha	Langaha madagascariensis		SPECIES	Langaha madagascariensis Bonaterre, 1790	Langaha madagascariensis		MG	Madagascar		PRESENT	1	6ba9a8cc-513a-4a51-bf93-6f5de8040a96													6NWZ9	6NWZ9	PRESERVED_SPECIMEN	NRM	NRM-Herps	7573		Unknown		CC_BY_4_0		Werner, F			2026-09-14T11:28:49.719Z		CONTINENT_DERIVED_FROM_COUNTRY;OCCURRENCE_STATUS_INFERRED_FROM_INDIVIDUAL_COUNT;COLLECTION_MATCH_NONE;INSTITUTION_MATCH_FUZZY
4979656332	7e380070-f762-11e1-a439-00145eb45e9a	1f48d9e1-b578-46e0-b9a8-5d90b825b6c7	Animalia	Chordata	Reptilia	Squamata	Pseudoxyrhophiidae	Langaha	Langaha madagascariensis		SPECIES	Langaha madagascariensis Bonaterre, 1790	Langaha madagascariensis Bonaterre, 1790	Bonaterre, 1790				PRESENT	1	19456090-b49a-11d8-abeb-b8a03c50a862													6NWZ9	6NWZ9	PRESERVED_SPECIMEN	NHMUK	ZOO	1964.1123				CC0_1_0					2026-08-24T17:23:39.604Z		INSTITUTION_MATCH_FUZZY;INSTITUTION_COLLECTION_MISMATCH
4953102987	50c9509d-22c7-4a22-a47d-8c48425ef4a7	https://www.inaturalist.org/observations/244280110	Animalia	Chordata	Reptilia	Squamata	Pseudoxyrhophiidae	Langaha	Langaha madagascariensis		SPECIES	Langaha madagascariensis Bonaterre, 1790	Langaha madagascariensis		MG		Mahajanga	PRESENT		28eb1a3f-1c15-4a95-931a-4af90ecb574d	-16.811909	44.943157	37702.0						2024-07-17T17:09:22	17	7	2024	6NWZ9	6NWZ9	HUMAN_OBSERVATION	iNaturalist	Observations	244280110		Christian Langner	2024-09-27T10:43:37	CC_BY_NC_4_0	jmcculloch	jmcculloch			2026-09-11T06:00:26.499Z	StillImage	COORDINATE_ROUNDED;CONTINENT_DERIVED_FROM_COORDINATES;TAXON_ID_NOT_FOUND
4950351484	50c9509d-22c7-4a22-a47d-8c48425ef4a7	https://www.inaturalist.org/observations/242497947	Animalia	Chordata	Reptilia	Squamata	Pseudoxyrhophiidae	Langaha	Langaha madagascariensis		SPECIES	Langaha madagascariensis Bonaterre, 1790	Langaha madagascariensis		MG		Mahajanga	PRESENT		28eb1a3f-1c15-4a95-931a-4af90ecb574d	-16.161938	47.116369	17954.0						2023-08-09T10:02	9	8	2023	6NWZ9	6NWZ9	HUMAN_OBSERVATION	iNaturalist	Observations	242497947		LORKOWSKI Mathieu	2024-09-18T14:52:01	CC_BY_NC_4_0	LORKOWSKI Mathieu	LORKOWSKI Mathieu			2026-09-11T05:17:58.377Z		COORDINATE_ROUNDED;CONTINENT_DERIVED_FROM_COORDINATES;TAXON_ID_NOT_FOUND
4947164050	86594bf6-f762-11e1-a439-00145eb45e9a	852680B1-A98A-485F-AF95-32B0FA2A9117	Animalia	Chordata	Reptilia	Squamata	Pseudoxyrhophiidae	Langaha	Langaha madagascariensis		SPECIES	Langaha nasuta Shaw, 1802	Langaha nasuta		MG	Madagascar		PRESENT	1	f9b67ad0-9c9b-11d9-b9db-b8a03c50a862													6NWYS	6NWZ9	PRESERVED_SPECIMEN	ANSP	HERP	35195				CC_BY_NC_4_0					2026-09-14T11:32:18.321Z		OCCURRENCE_STATUS_INFERRED_FROM_INDIVIDUAL_COUNT;INSTITUTION_MATCH_FUZZY;INSTITUTION_COLLECTION_MISMATCH
4947161309	86594bf6-f762-11e1-a439-00145eb45e9a	842A99EB-3AB9-4446-AFD5-92D850755912	Animalia	Chordata	Reptilia	Squamata	Pseudoxyrhophiidae	Langaha	Langaha madagascariensis		SPECIES	Langaha nasuta Shaw, 1802	Langaha nasuta		MG	Madagascar		PRESENT	2	f9b67ad0-9c9b-11d9-b9db-b8a03c50a862													6NWYS	6NWZ9	PRESERVED_SPECIMEN	ANSP	HERP	5289		EVM  1963		CC_BY_NC_4_0					2026-09-14T11:32:17.192Z		OCCURRENCE_STATUS_INFERRED_FROM_INDIVIDUAL_COUNT;INSTITUTION_MATCH_FUZZY;INSTITUTION_COLLECTION_MISMATCH
4947153098	86594bf6-f762-11e1-a439-00145eb45e9a	B617947F-EDB1-4684-8435-12DA49FFE4D7	Animalia	Chordata	Reptilia	Squamata	Pseudoxyrhophiidae	Langaha	Langaha madagascariensis		SPECIES	Langaha nasuta Shaw, 1802	Langaha nasuta		MG	Madagascar		PRESENT	1	f9b67ad0-9c9b-11d9-b9db-b8a03c50a862													6NWYS	6NWZ9	PRESERVED_SPECIMEN	ANSP	HERP	5290		EVM  1963		CC_BY_NC_4_0					2026-09-14T11:32:15.040Z		OCCURRENCE_STATUS_INFERRED_FROM_INDIVIDUAL_COUNT;INSTITUTION_MATCH_FUZZY;INSTITUTION_COLLECTION_MISMATCH
4936546978	50c9509d-22c7-4a22-a47d-8c48425ef4a7	https://www.inaturalist.org/observations/198717649	Animalia	Chordata	Reptilia	Squamata	Pseudoxyrhophiidae	Langaha	Langaha madagascariensis		SPECIES	Langaha madagascariensis Bonaterre, 1790	Langaha madagascariensis		MG		Toamasina	PRESENT		28eb1a3f-1c15-4a95-931a-4af90ecb574d	-18.605815	49.211898	163.0						2017-04-16T13:33	16	4	2017	6NWZ9	6NWZ9	HUMAN_OBSERVATION	iNaturalist	Observations	198717649		Frederic Griesbaum	2024-02-08T11:19:05	CC_BY_NC_4_0	Frederic Griesbaum	Frederic Griesbaum			2026-09-11T05:45:17.827Z	StillImage	COORDINATE_ROUNDED;CONTINENT_DERIVED_FROM_COORDINATES;TAXON_ID_NOT_FOUND
4919401286	50c9509d-22c7-4a22-a47d-8c48425ef4a7	https://www.inaturalist.org/observations/231594753	Animalia	Chordata	Reptilia	Squamata	Pseudoxyrhophiidae	Langaha	Langaha madagascariensis		SPECIES	Langaha madagascariensis Bonaterre, 1790	Langaha madagascariensis		MG		Mahajanga	PRESENT		28eb1a3f-1c15-4a95-931a-4af90ecb574d	-15.481915	46.657175	672.0						2024-06-20T17:39	20	6	2024	6NWZ9	6NWZ9	HUMAN_OBSERVATION	iNaturalist	Observations	231594753		Lewys	2024-07-25T11:38:42	CC_BY_NC_4_0	Lewys	Lewys			2026-09-11T05:16:57.791Z	StillImage	COORDINATE_ROUNDED;CONTINENT_DERIVED_FROM_COORDINATES;TAXON_ID_NOT_FOUND
4901520944	50c9509d-22c7-4a22-a47d-8c48425ef4a7	https://www.inaturalist.org/observations/223067626	Animalia	Chordata	Reptilia	Squamata	Pseudoxyrhophiidae	Langaha	Langaha madagascariensis		SPECIES	Langaha madagascariensis Bonaterre, 1790	Langaha madagascariensis		MG		Toamasina	PRESENT		28eb1a3f-1c15-4a95-931a-4af90ecb574d	-18.605122	49.213448							2024-06-10T12:21	10	6	2024	6NWZ9	6NWZ9	HUMAN_OBSERVATION	iNaturalist	Observations	223067626		bauerovavajner	2024-06-16T11:31:47	CC_BY_NC_4_0	bauerovavajner	bauerovavajner			2026-09-11T05:55:09.742Z		CONTINENT_DERIVED_FROM_COORDINATES;TAXON_ID_NOT_FOUND
4597626648	50c9509d-22c7-4a22-a47d-8c48425ef4a7	https://www.inaturalist.org/observations/203120224	Animalia	Chordata	Reptilia	Squamata	Pseudoxyrhophiidae	Langaha	Langaha madagascariensis		SPECIES	Langaha madagascariensis Bonaterre, 1790	Langaha madagascariensis		MG		Toamasina	PRESENT		28eb1a3f-1c15-4a95-931a-4af90ecb574d	-18.627993	49.205692	286.0						2023-12-09T08:29	9	12	2023	6NWZ9	6NWZ9	HUMAN_OBSERVATION	iNaturalist	Observations	203120224		jestodactylus	2024-03-19T16:44:12	CC_BY_NC_4_0	jestodactylus	jestodactylus			2026-09-11T05:47:34.517Z	StillImage	COORDINATE_ROUNDED;CONTINENT_DERIVED_FROM_COORDINATES;TAXON_ID_NOT_FOUND
4597178744	50c9509d-22c7-4a22-a47d-8c48425ef4a7	https://www.inaturalist.org/observations/203120227	Animalia	Chordata	Reptilia	Squamata	Pseudoxyrhophiidae	Langaha	Langaha madagascariensis		SPECIES	Langaha madagascariensis Bonaterre, 1790	Langaha madagascariensis		MG		Toamasina	PRESENT		28eb1a3f-1c15-4a95-931a-4af90ecb574d	-18.627231	49.205197	74.0						2023-12-09T09:14	9	12	2023	6NWZ9	6NWZ9	HUMAN_OBSERVATION	iNaturalist	Observations	203120227		jestodactylus	2024-03-19T16:44:13	CC_BY_NC_4_0	jestodactylus	jestodactylus			2026-09-11T06:10:07.001Z	StillImage	COORDINATE_ROUNDED;CONTINENT_DERIVED_FROM_COORDINATES;TAXON_ID_NOT_FOUND
4506313083	50c9509d-22c7-4a22-a47d-8c48425ef4a7	https://www.inaturalist.org/observations/194603526	Animalia	Chordata	Reptilia	Squamata	Pseudoxyrhophiidae	Langaha	Langaha madagascariensis		SPECIES	Langaha madagascariensis Bonaterre, 1790	Langaha madagascariensis		MG		Antsiranana	PRESENT		28eb1a3f-1c15-4a95-931a-4af90ecb574d	-13.4114	48.334244	138.0						2023-11-16T19:29:45	16	11	2023	6NWZ9	6NWZ9	HUMAN_OBSERVATION	iNaturalist	Observations	194603526		markus_b	2023-12-23T06:00:55	CC_BY_NC_4_0	kyle9733	kyle9733			2026-09-11T06:03:42.215Z	StillImage	COORDINATE_ROUNDED;CONTINENT_DERIVED_FROM_COORDINATES;TAXON_ID_NOT_FOUND
4465622309	50c9509d-22c7-4a22-a47d-8c48425ef4a7	https://www.inaturalist.org/observations/193775298	Animalia	Chordata	Reptilia	Squamata	Pseudoxyrhophiidae	Langaha	Langaha madagascariensis		SPECIES	Langaha madagascariensis Bonaterre, 1790	Langaha madagascariensis		MG		Antsiranana	PRESENT		28eb1a3f-1c15-4a95-931a-4af90ecb574d	-13.025913	49.584313							2023-10-19T10:30:23	19	10	2023	6NWZ9	6NWZ9	HUMAN_OBSERVATION	iNaturalist	Observations	193775298		Andrianiaina Angelo	2023-12-12T07:38:38	CC_BY_NC_4_0	Andrianiaina Angelo	Andrianiaina Angelo			2026-09-11T05:54:14.758Z	StillImage	COORDINATE_ROUNDED;CONTINENT_DERIVED_FROM_COORDINATES;TAXON_ID_NOT_FOUND
4460529433	8a863029-f435-446a-821e-275f4f641165	https://observation.org/observation/292951450	Animalia	Chordata	Reptilia	Squamata	Pseudoxyrhophiidae	Langaha	Langaha madagascariensis		SPECIES	Langaha madagascariensis Bonaterre, 1790	Langaha madagascariensis		MG	Boeny	Boeny	PRESENT	1	c8d737e0-2ff8-42e8-b8fc-6b805d26fc5f	-15.492971	46.695768	11.0						2023-06-15	15	6	2023	6NWZ9	6NWZ9	HUMAN_OBSERVATION							CC_BY_NC_4_0	Stichting Observation International	User 135398			2026-09-01T17:25:17.232Z	StillImage	
4458402004	50c9509d-22c7-4a22-a47d-8c48425ef4a7	https://www.inaturalist.org/observations/192640923	Animalia	Chordata	Reptilia	Squamata	Pseudoxyrhophiidae	Langaha	Langaha madagascariensis		SPECIES	Langaha madagascariensis Bonaterre, 1790	Langaha madagascariensis		MG		Antsiranana	PRESENT		28eb1a3f-1c15-4a95-931a-4af90ecb574d	-13.41329	48.334383	93.0						2023-11-16T19:32:58	16	11	2023	6NWZ9	6NWZ9	HUMAN_OBSERVATION	iNaturalist	Observations	192640923		loicdeleeuw	2023-11-30T14:57:28	CC_BY_NC_4_0	loicdeleeuw	loicdeleeuw			2026-09-11T05:54:13.514Z	StillImage	COORDINATE_ROUNDED;CONTINENT_DERIVED_FROM_COORDINATES;TAXON_ID_NOT_FOUND
4440675967	50c9509d-22c7-4a22-a47d-8c48425ef4a7	https://www.inaturalist.org/observations/190677079	Animalia	Chordata	Reptilia	Squamata	Pseudoxyrhophiidae	Langaha	Langaha madagascariensis		SPECIES	Langaha madagascariensis Bonaterre, 1790	Langaha madagascariensis		MG		Toamasina	PRESENT		28eb1a3f-1c15-4a95-931a-4af90ecb574d	-18.626559	49.205115	4.0						2023-03-21T09:52	21	3	2023	6NWZ9	6NWZ9	HUMAN_OBSERVATION	iNaturalist	Observations	190677079		markus_b	2023-11-11T14:21:45	CC_BY_NC_4_0	markus_b	markus_b			2026-09-11T05:31:42.526Z	StillImage	COORDINATE_ROUNDED;CONTINENT_DERIVED_FROM_COORDINATES;TAXON_ID_NOT_FOUND
4416828067	50c9509d-22c7-4a22-a47d-8c48425ef4a7	https://www.inaturalist.org/observations/184873070	Animalia	Chordata	Reptilia	Squamata	Pseudoxyrhophiidae	Langaha	Langaha madagascariensis		SPECIES	Langaha madagascariensis Bonaterre, 1790	Langaha madagascariensis		MG		Antsiranana	PRESENT		28eb1a3f-1c15-4a95-931a-4af90ecb574d	-14.467172	49.800969	6.0						2023-09-20T10:27	20	9	2023	6NWZ9	6NWZ9	HUMAN_OBSERVATION	iNaturalist	Observations	184873070		Paul Freed	2023-09-25T16:18:40	CC_BY_NC_4_0	pfaucher	pfaucher			2026-09-11T05:59:01.086Z	StillImage	COORDINATE_ROUNDED;CONTINENT_DERIVED_FROM_COORDINATES;TAXON_ID_NOT_FOUND
4407339166	50c9509d-22c7-4a22-a47d-8c48425ef4a7	https://www.inaturalist.org/observations/181010881	Animalia	Chordata	Reptilia	Squamata	Pseudoxyrhophiidae	Langaha	Langaha madagascariensis		SPECIES	Langaha madagascariensis Bonaterre, 1790	Langaha madagascariensis		MG		Toliary	PRESENT		28eb1a3f-1c15-4a95-931a-4af90ecb574d	-22.885971	44.691347	18.0						2022-07-02T11:05	2	7	2022	6NWZ9	6NWZ9	HUMAN_OBSERVATION	iNaturalist	Observations	181010881		Daniel Austin	2023-08-31T04:01:46	CC_BY_NC_4_0	Rosario Douglas	Rosario Douglas			2026-09-11T06:03:07.430Z	StillImage	COORDINATE_ROUNDED;CONTINENT_DERIVED_FROM_COORDINATES;TAXON_ID_NOT_FOUND
4127380046	50c9509d-22c7-4a22-a47d-8c48425ef4a7	https://www.inaturalist.org/observations/163941275	Animalia	Chordata	Reptilia	Squamata	Pseudoxyrhophiidae	Langaha	Langaha madagascariensis		SPECIES	Langaha madagascariensis Bonaterre, 1790	Langaha madagascariensis		MG		Toamasina	PRESENT		28eb1a3f-1c15-4a95-931a-4af90ecb574d	-18.605344	49.213942	1.0						2023-04-29T02:08	29	4	2023	6NWZ9	6NWZ9	HUMAN_OBSERVATION	iNaturalist	Observations	163941275		John Sullivan	2023-05-27T06:27:39	CC_BY_4_0	John Sullivan	John Sullivan			2026-09-11T05:45:54.020Z	StillImage	COORDINATE_ROUNDED;CONTINENT_DERIVED_FROM_COORDINATES;TAXON_ID_NOT_FOUND
4127009535	50c9509d-22c7-4a22-a47d-8c48425ef4a7	https://www.inaturalist.org/observations/164145952	Animalia	Chordata	Reptilia	Squamata	Pseudoxyrhophiidae	Langaha	Langaha madagascariensis		SPECIES	Langaha madagascariensis Bonaterre, 1790	Langaha madagascariensis		MG		Toamasina	PRESENT		28eb1a3f-1c15-4a95-931a-4af90ecb574d	-18.605536	49.213478	1.0						2023-04-30T12:38	30	4	2023	6NWZ9	6NWZ9	HUMAN_OBSERVATION	iNaturalist	Observations	164145952		John Sullivan	2023-05-28T05:17:51	CC_BY_4_0	John Sullivan	John Sullivan			2026-09-11T05:53:17.210Z	StillImage	COORDINATE_ROUNDED;CONTINENT_DERIVED_FROM_COORDINATES;TAXON_ID_NOT_FOUND
4018227254	50c9509d-22c7-4a22-a47d-8c48425ef4a7	https://www.inaturalist.org/observations/146617238	Animalia	Chordata	Reptilia	Squamata	Pseudoxyrhophiidae	Langaha	Langaha madagascariensis		SPECIES	Langaha madagascariensis Bonaterre, 1790	Langaha madagascariensis		MG		Mahajanga	PRESENT		28eb1a3f-1c15-4a95-931a-4af90ecb574d	-16.2233	46.941659	207.0						2022-11-03T16:12	3	11	2022	6NWZ9	6NWZ9	HUMAN_OBSERVATION	iNaturalist	Observations	146617238		David Thomas	2023-01-15T16:17:34	CC_BY_NC_4_0	David Thomas	David Thomas			2026-09-11T06:10:02.671Z	StillImage	COORDINATE_ROUNDED;CONTINENT_DERIVED_FROM_COORDINATES;TAXON_ID_NOT_FOUND
4010323311	8286cf26-f762-11e1-a439-00145eb45e9a	https://id.senckenberg.de/object/sesam-1603657	Animalia	Chordata	Reptilia	Squamata	Pseudoxyrhophiidae	Langaha	Langaha madagascariensis		SPECIES	Langaha madagascariensis Bonaterre, 1790	Langaha madagascariensis Bonaterre 1790		MG			PRESENT		c76cf030-2a95-11da-9cc1-b8a03c50a862													6NWZ9	6NWZ9	PRESERVED_SPECIMEN	SNSD	Collection Herpetologie	38526				CC_BY_4_0					2026-09-16T02:37:08.399Z		CONTINENT_DERIVED_FROM_COUNTRY;INSTITUTION_MATCH_NONE
4009932013	50c9509d-22c7-4a22-a47d-8c48425ef4a7	https://www.inaturalist.org/observations/145002105	Animalia	Chordata	Reptilia	Squamata	Pseudoxyrhophiidae	Langaha	Langaha madagascariensis		SPECIES	Langaha madagascariensis Bonaterre, 1790	Langaha madagascariensis		MG		Fianarantsoa	PRESENT		28eb1a3f-1c15-4a95-931a-4af90ecb574d	-20.589896	47.102029	1379088.0						2019-01-04T10:50	4	1	2019	6NWZ9	6NWZ9	HUMAN_OBSERVATION	iNaturalist	Observations	145002105		Paul Freed	2022-12-25T17:54:47	CC_BY_NC_4_0	Кирилл	Кирилл			2026-09-11T05:28:07.562Z	StillImage	COORDINATE_ROUNDED;CONTINENT_DERIVED_FROM_COORDINATES;TAXON_ID_NOT_FOUND
4006701912	50c9509d-22c7-4a22-a47d-8c48425ef4a7	https://www.inaturalist.org/observations/144479388	Animalia	Chordata	Reptilia	Squamata	Pseudoxyrhophiidae	Langaha	Langaha madagascariensis		SPECIES	Langaha madagascariensis Bonaterre, 1790	Langaha madagascariensis		MG		Toamasina	PRESENT		28eb1a3f-1c15-4a95-931a-4af90ecb574d	-18.711484	49.323728	30632.0						2022-12-16T09:43:22	16	12	2022	6NWZ9	6NWZ9	HUMAN_OBSERVATION	iNaturalist	Observations	144479388		claritali	2022-12-16T15:46:56	CC_BY_NC_4_0	claritali	claritali			2026-09-11T06:02:13.824Z	StillImage	COORDINATE_ROUNDED;CONTINENT_DERIVED_FROM_COORDINATES;TAXON_ID_NOT_FOUND
3874351396	9661bc40-f762-11e1-a439-00145eb45e9a	https://id.senckenberg.de/object/sesam-1579136	Animalia	Chordata	Reptilia	Squamata	Pseudoxyrhophiidae	Langaha	Langaha madagascariensis		SPECIES	Langaha madagascariensis Bonaterre, 1790	Langaha madagascariensis Bonaterre 1790					PRESENT		c76cf030-2a95-11da-9cc1-b8a03c50a862													6NWZ9	6NWZ9	PRESERVED_SPECIMEN	SMF	Collection Herpetology	106214				CC_BY_4_0					2026-09-01T20:40:11.679Z		COLLECTION_MATCH_NONE;INSTITUTION_MATCH_FUZZY
3770833167	263bbfe7-f643-43bb-b448-f0705d1c0e18	http://id.zfmk.de/collection_ZFMK/224529721/1605245/936727	Animalia	Chordata	Reptilia	Squamata	Pseudoxyrhophiidae	Langaha	Langaha madagascariensis		SPECIES	Langaha madagascariensis Bonaterre, 1790	Langaha madagascariensis		MG	Antsalova		PRESENT		6e1cad80-bdf5-11d8-84ea-b8a03c50a862									1990-04-10	10	4	1990	6NWZ9	6NWZ9	PRESERVED_SPECIMEN	ZFMK	HERP	ZFMK-HERP-051726		Glaw, Frank	2006-01-01T00:00:00	CC_BY_4_0					2026-09-01T23:13:30.114Z		CONTINENT_DERIVED_FROM_COUNTRY;INSTITUTION_MATCH_FUZZY;INSTITUTION_COLLECTION_MISMATCH
3770811199	263bbfe7-f643-43bb-b448-f0705d1c0e18	http://id.zfmk.de/collection_ZFMK/224529450/1604974/936456	Animalia	Chordata	Reptilia	Squamata	Pseudoxyrhophiidae	Langaha	Langaha madagascariensis		SPECIES	Langaha madagascariensis Bonaterre, 1790	Langaha madagascariensis		MG	Nosy Boraha, Forêt de Kalalao		PRESENT		6e1cad80-bdf5-11d8-84ea-b8a03c50a862									1988-10-04	4	10	1988	6NWZ9	6NWZ9	PRESERVED_SPECIMEN	ZFMK	HERP	ZFMK-HERP-050340		Glaw, Frank	2006-01-01T00:00:00	CC_BY_4_0					2026-09-01T23:13:29.811Z		CONTINENT_DERIVED_FROM_COUNTRY;INSTITUTION_MATCH_FUZZY;INSTITUTION_COLLECTION_MISMATCH
3770788764	263bbfe7-f643-43bb-b448-f0705d1c0e18	http://id.zfmk.de/collection_ZFMK/224529328/1604852/936334	Animalia	Chordata	Reptilia	Squamata	Pseudoxyrhophiidae	Langaha	Langaha madagascariensis		SPECIES	Langaha madagascariensis Bonaterre, 1790	Langaha madagascariensis		MG	30 km W Périnet (= Andasibé)		PRESENT		6e1cad80-bdf5-11d8-84ea-b8a03c50a862									1988			1988	6NWZ9	6NWZ9	PRESERVED_SPECIMEN	ZFMK	HERP	ZFMK-HERP-049259		Glaw, Frank	2006-01-01T00:00:00	CC_BY_4_0					2026-09-01T23:13:29.419Z		CONTINENT_DERIVED_FROM_COUNTRY;INSTITUTION_MATCH_FUZZY;INSTITUTION_COLLECTION_MISMATCH
3770785934	263bbfe7-f643-43bb-b448-f0705d1c0e18	http://id.zfmk.de/collection_ZFMK/224526321/1601845/933327	Animalia	Chordata	Reptilia	Squamata	Pseudoxyrhophiidae	Langaha	Langaha madagascariensis		SPECIES	Langaha madagascariensis Bonaterre, 1790	Langaha madagascariensis		MG			PRESENT		6e1cad80-bdf5-11d8-84ea-b8a03c50a862									1978-01		1	1978	6NWZ9	6NWZ9	PRESERVED_SPECIMEN	ZFMK	HERP	ZFMK-HERP-021808				CC_BY_4_0					2026-09-01T23:13:29.226Z		CONTINENT_DERIVED_FROM_COUNTRY;INSTITUTION_MATCH_FUZZY;INSTITUTION_COLLECTION_MISMATCH
3770785377	263bbfe7-f643-43bb-b448-f0705d1c0e18	http://id.zfmk.de/collection_ZFMK/224529451/1604975/936457	Animalia	Chordata	Reptilia	Squamata	Pseudoxyrhophiidae	Langaha	Langaha madagascariensis		SPECIES	Langaha madagascariensis Bonaterre, 1790	Langaha madagascariensis		MG	Nosy Boraha, Forêt de Kalalao		PRESENT		6e1cad80-bdf5-11d8-84ea-b8a03c50a862									1988-10-04	4	10	1988	6NWZ9	6NWZ9	PRESERVED_SPECIMEN	ZFMK	HERP	ZFMK-HERP-050341		Glaw, Frank	2006-01-01T00:00:00	CC_BY_4_0					2026-09-01T23:13:29.219Z		CONTINENT_DERIVED_FROM_COUNTRY;INSTITUTION_MATCH_FUZZY;INSTITUTION_COLLECTION_MISMATCH
3770773607	263bbfe7-f643-43bb-b448-f0705d1c0e18	http://id.zfmk.de/collection_ZFMK/224458176/1533700/865048	Animalia	Chordata	Reptilia	Squamata	Pseudoxyrhophiidae	Langaha	Langaha madagascariensis		SPECIES	Langaha madagascariensis Bonaterre, 1790	Langaha madagascariensis		MG	Maroantsetra		PRESENT		6e1cad80-bdf5-11d8-84ea-b8a03c50a862													6NWZ9	6NWZ9	PRESERVED_SPECIMEN	ZFMK	HERP	ZFMK-HERP-057506		Glaw, Frank	2006-01-01T00:00:00	CC_BY_4_0					2026-09-01T23:13:28.916Z		CONTINENT_DERIVED_FROM_COUNTRY;INSTITUTION_MATCH_FUZZY;INSTITUTION_COLLECTION_MISMATCH
3770764845	263bbfe7-f643-43bb-b448-f0705d1c0e18	http://id.zfmk.de/collection_ZFMK/224530182/1605706/937188	Animalia	Chordata	Reptilia	Squamata	Pseudoxyrhophiidae	Langaha	Langaha madagascariensis		SPECIES	Langaha madagascariensis Bonaterre, 1790	Langaha madagascariensis		MG	Moramanga		PRESENT		6e1cad80-bdf5-11d8-84ea-b8a03c50a862									1991-03		3	1991	6NWZ9	6NWZ9	PRESERVED_SPECIMEN	ZFMK	HERP	ZFMK-HERP-054988		Glaw, Frank	2006-01-01T00:00:00	CC_BY_4_0					2026-09-01T23:13:30.624Z		CONTINENT_DERIVED_FROM_COUNTRY;INSTITUTION_MATCH_FUZZY;INSTITUTION_COLLECTION_MISMATCH
3770758023	263bbfe7-f643-43bb-b448-f0705d1c0e18	http://id.zfmk.de/collection_ZFMK/224529376/1604900/936382	Animalia	Chordata	Reptilia	Squamata	Pseudoxyrhophiidae	Langaha	Langaha madagascariensis		SPECIES	Langaha madagascariensis Bonaterre, 1790	Langaha madagascariensis		MG	Moramanga		PRESENT		6e1cad80-bdf5-11d8-84ea-b8a03c50a862									1989-02		2	1989	6NWZ9	6NWZ9	PRESERVED_SPECIMEN	ZFMK	HERP	ZFMK-HERP-050165		Glaw, Frank	2006-01-01T00:00:00	CC_BY_4_0					2026-09-01T23:13:30.522Z		CONTINENT_DERIVED_FROM_COUNTRY;INSTITUTION_MATCH_FUZZY;INSTITUTION_COLLECTION_MISMATCH
3759380933	50c9509d-22c7-4a22-a47d-8c48425ef4a7	https://www.inaturalist.org/observations/110414634	Animalia	Chordata	Reptilia	Squamata	Pseudoxyrhophiidae	Langaha	Langaha madagascariensis		SPECIES	Langaha madagascariensis Bonaterre, 1790	Langaha madagascariensis		MG		Fianarantsoa	PRESENT		28eb1a3f-1c15-4a95-931a-4af90ecb574d	-23.031671	47.73225	34.0						2022-03-29T20:32:59	29	3	2022	6NWZ9	6NWZ9	HUMAN_OBSERVATION	iNaturalist	Observations	110414634		Andrianiaina Angelo	2022-04-04T18:31:44	CC_BY_NC_4_0	Andrianiaina Angelo	Andrianiaina Angelo			2026-09-11T05:51:47.088Z	StillImage	COORDINATE_ROUNDED;CONTINENT_DERIVED_FROM_COORDINATES;TAXON_ID_NOT_FOUND
3698609152	84786a2e-f762-11e1-a439-00145eb45e9a	fd33c77c-fdee-11e2-ab74-7d6dab1460a4	Animalia	Chordata	Reptilia	Squamata	Pseudoxyrhophiidae	Langaha	Langaha madagascariensis		SPECIES	Langaha madagascariensis Bonaterre, 1790	Langaha madagascariensis					PRESENT		c361e830-181e-11da-9544-b8a03c50a862													6NWZ9	6NWZ9	PRESERVED_SPECIMEN	LSUMZ	Herps	83803				CC0_1_0				native	2026-08-24T17:11:25.470Z		INSTITUTION_COLLECTION_MISMATCH
3440082762	6863f850-572a-41f1-aa58-c7b40b4e1a5c	http://id.luomus.fi/MY.6087826	Animalia	Chordata	Reptilia	Squamata	Pseudoxyrhophiidae	Langaha	Langaha madagascariensis		SPECIES	Langaha madagascariensis Bonaterre, 1790	Langaha madagascariensis Bonaterre, 1790			Tykkimäen terraario, Kouvola		PRESENT		39adeab9-6ec9-4c56-801e-7144d0eb630c									1987-01/2005-11				6NWZ9	6NWZ9	PRESERVED_SPECIMEN	MZH	HR.1330	http://id.luomus.fi/KS.MS2448		Granroth, Janne		CC_BY_4_0					2026-09-15T06:08:15.606Z		TAXON_CONCEPT_ID_NOT_FOUND
3416041693	50c9509d-22c7-4a22-a47d-8c48425ef4a7	https://www.inaturalist.org/observations/100676434	Animalia	Chordata	Reptilia	Squamata	Pseudoxyrhophiidae	Langaha	Langaha madagascariensis		SPECIES	Langaha madagascariensis Bonaterre, 1790	Langaha madagascariensis		MG		Toamasina	PRESENT		28eb1a3f-1c15-4a95-931a-4af90ecb574d	-16.251125	49.713607	66.0						2021-09-22T08:35:32	22	9	2021	6NWZ9	6NWZ9	HUMAN_OBSERVATION	iNaturalist	Observations	100676434		Guillaume Amirault	2021-11-09T12:27:01	CC_BY_NC_4_0	tsilavoherinirina	tsilavoherinirina			2026-09-11T05:11:26.002Z		COORDINATE_ROUNDED;CONTINENT_DERIVED_FROM_COORDINATES;TAXON_ID_NOT_FOUND
3383906125	50c9509d-22c7-4a22-a47d-8c48425ef4a7	https://www.inaturalist.org/observations/92964956	Animalia	Chordata	Reptilia	Squamata	Pseudoxyrhophiidae	Langaha	Langaha madagascariensis		SPECIES	Langaha madagascariensis Bonaterre, 1790	Langaha madagascariensis		MG		Toliary	PRESENT		28eb1a3f-1c15-4a95-931a-4af90ecb574d	-20.067474	44.6576	2925.0						2003-11-15	15	11	2003	6NWZ9	6NWZ9	HUMAN_OBSERVATION	iNaturalist	Observations	92964956		Paul Freed	2021-08-29T23:07:46	CC_BY_NC_4_0	vproenca	vproenca			2026-09-11T05:51:26.021Z	StillImage	COORDINATE_ROUNDED;CONTINENT_DERIVED_FROM_COORDINATES;TAXON_ID_NOT_FOUND
3351577401	d8cd16ba-bb74-4420-821e-083f2bac17c2	MH094714	Animalia	Chordata	Reptilia	Squamata	Pseudoxyrhophiidae	Langaha	Langaha madagascariensis		SPECIES	Langaha madagascariensis Bonaterre, 1790	Langaha madagascariensis		MG	Fanambana Forest		PRESENT		ada9d123-ddb4-467d-8891-806ea8d94230													6NWZ9	6NWZ9	PRESERVED_SPECIMEN			ZSM 1568/2012				CC_BY_4_0					2026-09-14T11:54:51.365Z		CONTINENT_DERIVED_FROM_COUNTRY;TAXON_CONCEPT_ID_NOT_FOUND;TAXON_ID_NOT_FOUND
3070511719	50c9509d-22c7-4a22-a47d-8c48425ef4a7	https://www.inaturalist.org/observations/36445181	Animalia	Chordata	Reptilia	Squamata	Pseudoxyrhophiidae	Langaha	Langaha madagascariensis		SPECIES	Langaha madagascariensis Bonaterre, 1790	Langaha madagascariensis		MG		Toamasina	PRESENT		28eb1a3f-1c15-4a95-931a-4af90ecb574d	-18.605731	49.213936							2019-11-27T18:32Z	27	11	2019	6NWZ9	6NWZ9	HUMAN_OBSERVATION	iNaturalist	Observations	36445181		Sheelagh Halsey	2019-12-07T20:51:06	CC_BY_4_0	Sheelagh Halsey	Sheelagh Halsey			2026-09-11T06:00:38.058Z	StillImage	COORDINATE_ROUNDED;CONTINENT_DERIVED_FROM_COORDINATES;TAXON_ID_NOT_FOUND
3058865088	50c9509d-22c7-4a22-a47d-8c48425ef4a7	https://www.inaturalist.org/observations/70308641	Animalia	Chordata	Reptilia	Squamata	Pseudoxyrhophiidae	Langaha	Langaha madagascariensis		SPECIES	Langaha madagascariensis Bonaterre, 1790	Langaha madagascariensis		MG		Antsiranana	PRESENT		28eb1a3f-1c15-4a95-931a-4af90ecb574d	-13.39945	48.344375	488.0						2012-09-06T08:36Z	6	9	2012	6NWZ9	6NWZ9	HUMAN_OBSERVATION	iNaturalist	Observations	70308641		Markus A. Roesch	2021-02-28T09:42:40	CC_BY_4_0	Ben	Ben			2026-09-11T05:43:05.466Z	StillImage	COORDINATE_ROUNDED;CONTINENT_DERIVED_FROM_COORDINATES;TAXON_ID_NOT_FOUND
2823190272	50c9509d-22c7-4a22-a47d-8c48425ef4a7	https://www.inaturalist.org/observations/53814004	Animalia	Chordata	Reptilia	Squamata	Pseudoxyrhophiidae	Langaha	Langaha madagascariensis		SPECIES	Langaha madagascariensis Bonaterre, 1790	Langaha madagascariensis		MG		Antananarivo	PRESENT		28eb1a3f-1c15-4a95-931a-4af90ecb574d	-18.766947	46.869107	927631.0						2000-01-01T00:00Z	1	1	2000	6NWZ9	6NWZ9	HUMAN_OBSERVATION	iNaturalist	Observations	53814004		Alex Negro (Laube)	2020-07-21T12:10:20	CC_BY_NC_4_0	Charley Hesse	Charley Hesse			2026-09-11T06:06:18.054Z	StillImage	CONTINENT_DERIVED_FROM_COORDINATES;TAXON_ID_NOT_FOUND
2611447410	9661bc40-f762-11e1-a439-00145eb45e9a	https://id.senckenberg.de/object/sesam-1361895	Animalia	Chordata	Reptilia	Squamata	Pseudoxyrhophiidae	Langaha	Langaha madagascariensis		SPECIES	Langaha madagascariensis Bonaterre, 1790	Langaha madagascariensis Bonaterre 1790		MG			PRESENT		c76cf030-2a95-11da-9cc1-b8a03c50a862													6NWZ9	6NWZ9	PRESERVED_SPECIMEN	SMF	Collection Herpetology	74018				CC_BY_4_0					2026-09-01T20:40:05.808Z		CONTINENT_DERIVED_FROM_COUNTRY;COLLECTION_MATCH_NONE;INSTITUTION_MATCH_FUZZY
2611447385	9661bc40-f762-11e1-a439-00145eb45e9a	https://id.senckenberg.de/object/sesam-1361878	Animalia	Chordata	Reptilia	Squamata	Pseudoxyrhophiidae	Langaha	Langaha madagascariensis		SPECIES	Langaha madagascariensis Bonaterre, 1790	Langaha madagascariensis Bonaterre 1790		MG	Nossibé		PRESENT		c76cf030-2a95-11da-9cc1-b8a03c50a862													6NWZ9	6NWZ9	PRESERVED_SPECIMEN	SMF	Collection Herpetology	19590				CC_BY_4_0					2026-09-01T20:40:05.800Z		CONTINENT_DERIVED_FROM_COUNTRY;COLLECTION_MATCH_NONE;INSTITUTION_MATCH_FUZZY
2611447384	9661bc40-f762-11e1-a439-00145eb45e9a	https://id.senckenberg.de/object/sesam-1361872	Animalia	Chordata	Reptilia	Squamata	Pseudoxyrhophiidae	Langaha	Langaha madagascariensis		SPECIES	Langaha madagascariensis Bonaterre, 1790	Langaha madagascariensis Bonaterre 1790		MG	Nossibé		PRESENT		c76cf030-2a95-11da-9cc1-b8a03c50a862									1897			1897	6NWZ9	6NWZ9	PRESERVED_SPECIMEN	SMF	Collection Herpetology	19587				CC_BY_4_0					2026-09-01T20:40:05.840Z		CONTINENT_DERIVED_FROM_COUNTRY;COLLECTION_MATCH_NONE;INSTITUTION_MATCH_FUZZY
2611447383	9661bc40-f762-11e1-a439-00145eb45e9a	https://id.senckenberg.de/object/sesam-1361876	Animalia	Chordata	Reptilia	Squamata	Pseudoxyrhophiidae	Langaha	Langaha madagascariensis		SPECIES	Langaha madagascariensis Bonaterre, 1790	Langaha madagascariensis Bonaterre 1790		MG	Nossibé		PRESENT		c76cf030-2a95-11da-9cc1-b8a03c50a862													6NWZ9	6NWZ9	PRESERVED_SPECIMEN	SMF	Collection Herpetology	19588				CC_BY_4_0					2026-09-01T20:40:05.674Z		CONTINENT_DERIVED_FROM_COUNTRY;COLLECTION_MATCH_NONE;INSTITUTION_MATCH_FUZZY
2611447382	9661bc40-f762-11e1-a439-00145eb45e9a	https://id.senckenberg.de/object/sesam-1361869	Animalia	Chordata	Reptilia	Squamata	Pseudoxyrhophiidae	Langaha	Langaha madagascariensis		SPECIES	Langaha madagascariensis Bonaterre, 1790	Langaha madagascariensis Bonaterre 1790		MG	Nossibé		PRESENT		c76cf030-2a95-11da-9cc1-b8a03c50a862													6NWZ9	6NWZ9	PRESERVED_SPECIMEN	SMF	Collection Herpetology	19586				CC_BY_4_0					2026-09-01T20:40:05.836Z		CONTINENT_DERIVED_FROM_COUNTRY;COLLECTION_MATCH_NONE;INSTITUTION_MATCH_FUZZY
2611447381	9661bc40-f762-11e1-a439-00145eb45e9a	https://id.senckenberg.de/object/sesam-1361877	Animalia	Chordata	Reptilia	Squamata	Pseudoxyrhophiidae	Langaha	Langaha madagascariensis		SPECIES	Langaha madagascariensis Bonaterre, 1790	Langaha madagascariensis Bonaterre 1790		MG	Nossibé		PRESENT		c76cf030-2a95-11da-9cc1-b8a03c50a862													6NWZ9	6NWZ9	PRESERVED_SPECIMEN	SMF	Collection Herpetology	19589				CC_BY_4_0					2026-09-01T20:40:05.820Z		CONTINENT_DERIVED_FROM_COUNTRY;COLLECTION_MATCH_NONE;INSTITUTION_MATCH_FUZZY
2611447319	9661bc40-f762-11e1-a439-00145eb45e9a	https://id.senckenberg.de/object/sesam-1361867	Animalia	Chordata	Reptilia	Squamata	Pseudoxyrhophiidae	Langaha	Langaha madagascariensis		SPECIES	Langaha madagascariensis Bonaterre, 1790	Langaha madagascariensis Bonaterre 1790		MG	Nossibé		PRESENT		c76cf030-2a95-11da-9cc1-b8a03c50a862													6NWZ9	6NWZ9	PRESERVED_SPECIMEN	SMF	Collection Herpetology	19583				CC_BY_4_0					2026-09-01T20:40:05.642Z		CONTINENT_DERIVED_FROM_COUNTRY;COLLECTION_MATCH_NONE;INSTITUTION_MATCH_FUZZY
2611447316	9661bc40-f762-11e1-a439-00145eb45e9a	https://id.senckenberg.de/object/sesam-1361868	Animalia	Chordata	Reptilia	Squamata	Pseudoxyrhophiidae	Langaha	Langaha madagascariensis		SPECIES	Langaha madagascariensis Bonaterre, 1790	Langaha madagascariensis Bonaterre 1790		MG	Nossibé		PRESENT		c76cf030-2a95-11da-9cc1-b8a03c50a862													6NWZ9	6NWZ9	PRESERVED_SPECIMEN	SMF	Collection Herpetology	19584				CC_BY_4_0					2026-09-01T20:40:05.812Z		CONTINENT_DERIVED_FROM_COUNTRY;COLLECTION_MATCH_NONE;INSTITUTION_MATCH_FUZZY
2609359641	9661bc40-f762-11e1-a439-00145eb45e9a	https://id.senckenberg.de/object/sesam-1357986	Animalia	Chordata	Reptilia	Squamata	Pseudoxyrhophiidae	Langaha	Langaha alluaudi		SPECIES	Langaha alluaudi Mocquard, 1901	Langaha alluaudi Mocquard 1901		MG	Menabe		PRESENT		c76cf030-2a95-11da-9cc1-b8a03c50a862									1902			1902	6NWYV	6NWYV	PRESERVED_SPECIMEN	SMF	Collection Herpetology	19592				CC_BY_4_0					2026-09-01T20:40:05.682Z		CONTINENT_DERIVED_FROM_COUNTRY;COLLECTION_MATCH_NONE;INSTITUTION_MATCH_FUZZY
2574126897	50c9509d-22c7-4a22-a47d-8c48425ef4a7	https://www.inaturalist.org/observations/22277776	Animalia	Chordata	Reptilia	Squamata	Pseudoxyrhophiidae	Langaha	Langaha madagascariensis		SPECIES	Langaha madagascariensis Bonaterre, 1790	Langaha madagascariensis		MG		Mahajanga	PRESENT		28eb1a3f-1c15-4a95-931a-4af90ecb574d	-16.233333	46.466667	2083.0						2017-11-28T08:47	28	11	2017	6NWZ9	6NWZ9	HUMAN_OBSERVATION	iNaturalist	Observations	22277776		Rand Rudland	2019-04-10T11:46:58	CC_BY_4_0	Rand Rudland	Rand Rudland			2026-09-11T05:54:45.470Z		COORDINATE_ROUNDED;CONTINENT_DERIVED_FROM_COORDINATES;TAXON_ID_NOT_FOUND
2550051019	50c9509d-22c7-4a22-a47d-8c48425ef4a7	https://www.inaturalist.org/observations/37232004	Animalia	Chordata	Reptilia	Squamata	Pseudoxyrhophiidae	Langaha	Langaha madagascariensis		SPECIES	Langaha madagascariensis Bonaterre, 1790	Langaha madagascariensis					PRESENT		28eb1a3f-1c15-4a95-931a-4af90ecb574d			30632.0						2019-12-03T13:49	3	12	2019	6NWZ9	6NWZ9	HUMAN_OBSERVATION	iNaturalist	Observations	37232004		Jessica Consiglio	2020-01-03T17:55:17	CC_BY_NC_4_0	Jessica Consiglio	Jessica Consiglio			2026-09-11T05:09:18.773Z		TAXON_ID_NOT_FOUND
2251285820	040c5662-da76-4782-a48e-cdea1892d14c	REPT178-12	Animalia	Chordata	Reptilia	Squamata	Pseudoxyrhophiidae	Langaha	Langaha madagascariensis		UNRANKED	BOLD:ABV9850	BOLD:ABV9850		MG			PRESENT		b3bf3a83-1f68-4541-a03f-330d30d567f5	-19.041636	46.684937											BOLD.ABV9850	6NWZ9	MATERIAL_SAMPLE	Research Collection of Frank Glaw				Frank Glaw		CC_BY_4_0		Frank Glaw			2026-09-10T07:17:22.198Z		GEODETIC_DATUM_ASSUMED_WGS84;CONTINENT_DERIVED_FROM_COORDINATES;INSTITUTION_MATCH_NONE;TAXON_ID_NOT_FOUND;TAXON_CONCEPT_ID_NOT_FOUND
1987224779	8e479b8f-ac16-4bed-a11a-bc7e27c31663	f9d0ca1d-299a-4f19-a3c4-ac37797dad8b	Animalia	Chordata	Reptilia	Squamata	Pseudoxyrhophiidae	Langaha	Langaha madagascariensis		SPECIES	Langaha madagascariensis Bonaterre, 1790	LANGAHA MADAGASCARIENSIS		MG	NEAR ANENA S OF MANAMBARO 60 M	Toliara	PRESENT	1	6ea87510-0561-11d8-b851-b8a03c50a862	-25.083333	46.8							1994-11-09	9	11	1994	6NWZ9	6NWZ9	PRESERVED_SPECIMEN	UMMZ	UMMZ-Herps	218202				CC_BY_4_0	The Regents of the University of Michigan	R A NUSSBAUM			2026-09-10T18:58:23.780Z		GEODETIC_DATUM_ASSUMED_WGS84
1987213961	8e479b8f-ac16-4bed-a11a-bc7e27c31663	ec95e131-dfb9-4f5e-ac33-440dc1888ffc	Animalia	Chordata	Reptilia	Squamata	Pseudoxyrhophiidae	Langaha	Langaha madagascariensis		SPECIES	Langaha madagascariensis Bonaterre, 1790	LANGAHA MADAGASCARIENSIS		MG	HEVINY FOREST MANOMBA 17 DEG 53.665' S X 44 DEG 01.010' E	Mahajanga	PRESENT	1	6ea87510-0561-11d8-b851-b8a03c50a862	-17.894417	44.016833							2002-02-16	16	2	2002	6NWZ9	6NWZ9	PRESERVED_SPECIMEN	UMMZ	UMMZ-Herps	237322				CC_BY_4_0	The Regents of the University of Michigan	JURGEN SPANNRING & JEANNOT RAFANOMAZANTSOA & MIALY RAKOTOARIVELO			2026-09-10T18:58:14.672Z		COORDINATE_ROUNDED;GEODETIC_DATUM_ASSUMED_WGS84
1987212417	8e479b8f-ac16-4bed-a11a-bc7e27c31663	ea3f3a6b-8f74-48a3-9809-7f22ee1044f4	Animalia	Chordata	Reptilia	Squamata	Pseudoxyrhophiidae	Langaha	Langaha madagascariensis		SPECIES	Langaha madagascariensis Bonaterre, 1790	LANGAHA MADAGASCARIENSIS		MG	ANENA 5-6 KM S MANAMBARO 50 M	Toliara	PRESENT	1	6ea87510-0561-11d8-b851-b8a03c50a862	-25.083333	46.8							1994-06-04	4	6	1994	6NWZ9	6NWZ9	PRESERVED_SPECIMEN	UMMZ	UMMZ-Herps	209390				CC_BY_4_0	The Regents of the University of Michigan	R A NUSSBAUM			2026-09-10T18:58:10.531Z		GEODETIC_DATUM_ASSUMED_WGS84
1987205368	8e479b8f-ac16-4bed-a11a-bc7e27c31663	df3aa7b5-81c9-4064-a002-a3721327e0ba	Animalia	Chordata	Reptilia	Squamata	Pseudoxyrhophiidae	Langaha	Langaha madagascariensis		SPECIES	Langaha madagascariensis Bonaterre, 1790	LANGAHA MADAGASCARIENSIS		MG	BERAKETA	Toliara	PRESENT	1	6ea87510-0561-11d8-b851-b8a03c50a862	-24.9	46.416666							1990-10-16	16	10	1990	6NWZ9	6NWZ9	PRESERVED_SPECIMEN	UMMZ	UMMZ-Herps	197148				CC_BY_4_0	The Regents of the University of Michigan	R A NUSSBAUM			2026-09-10T18:58:13.493Z		GEODETIC_DATUM_ASSUMED_WGS84
1987204638	8e479b8f-ac16-4bed-a11a-bc7e27c31663	e04df8b1-3038-42a7-94dd-534e2e055c86	Animalia	Chordata	Reptilia	Squamata	Pseudoxyrhophiidae	Langaha	Langaha madagascariensis		SPECIES	Langaha madagascariensis Bonaterre, 1790	LANGAHA MADAGASCARIENSIS		MG	PETRIKY	Toliara	PRESENT	1	6ea87510-0561-11d8-b851-b8a03c50a862	-25.066666	46.883333							1992-10-21	21	10	1992	6NWZ9	6NWZ9	PRESERVED_SPECIMEN	UMMZ	UMMZ-Herps	209378				CC_BY_4_0	The Regents of the University of Michigan	R A NUSSBAUM			2026-09-10T18:58:23.146Z		GEODETIC_DATUM_ASSUMED_WGS84
1987200376	8e479b8f-ac16-4bed-a11a-bc7e27c31663	db2b7504-52e6-48ea-becd-025c0f5de754	Animalia	Chordata	Reptilia	Squamata	Pseudoxyrhophiidae	Langaha	Langaha madagascariensis		SPECIES	Langaha madagascariensis Bonaterre, 1790	LANGAHA MADAGASCARIENSIS		MG	NEAR ANENA S OF MANAMBARO 60 M	Toliara	PRESENT	1	6ea87510-0561-11d8-b851-b8a03c50a862	-25.083333	46.8							1994-11-09	9	11	1994	6NWZ9	6NWZ9	PRESERVED_SPECIMEN	UMMZ	UMMZ-Herps	218205				CC_BY_4_0	The Regents of the University of Michigan	R A NUSSBAUM			2026-09-10T18:58:18.835Z		GEODETIC_DATUM_ASSUMED_WGS84
1987198275	8e479b8f-ac16-4bed-a11a-bc7e27c31663	d89aebc4-09ee-4e23-918a-f114a4223812	Animalia	Chordata	Reptilia	Squamata	Pseudoxyrhophiidae	Langaha	Langaha madagascariensis		SPECIES	Langaha madagascariensis Bonaterre, 1790	LANGAHA MADAGASCARIENSIS		MG	RANOBE	Toliara	PRESENT	1	6ea87510-0561-11d8-b851-b8a03c50a862	-23.033416	43.60355							1995-03-18	18	3	1995	6NWZ9	6NWZ9	PRESERVED_SPECIMEN	UMMZ	UMMZ-Herps	218211				CC_BY_4_0	The Regents of the University of Michigan	C J RAXWORTHY			2026-09-10T18:58:14.641Z		GEODETIC_DATUM_ASSUMED_WGS84
1987193931	8e479b8f-ac16-4bed-a11a-bc7e27c31663	d2d420d5-099f-4287-824a-fef6b85435a9	Animalia	Chordata	Reptilia	Squamata	Pseudoxyrhophiidae	Langaha	Langaha madagascariensis		SPECIES	Langaha madagascariensis Bonaterre, 1790	LANGAHA MADAGASCARIENSIS		MG	TOLANARO AFFETOLOHA NEAR AMBATORONGORONGO	Toliara	PRESENT	1	6ea87510-0561-11d8-b851-b8a03c50a862	-25.191666	46.783333							1994-12-17	17	12	1994	6NWZ9	6NWZ9	PRESERVED_SPECIMEN	UMMZ	UMMZ-Herps	218196				CC_BY_4_0	The Regents of the University of Michigan	R A NUSSBAUM			2026-09-10T18:58:12.990Z		GEODETIC_DATUM_ASSUMED_WGS84
1987192548	8e479b8f-ac16-4bed-a11a-bc7e27c31663	d11ae6ec-9d73-4909-8eb5-880fccfff31d	Animalia	Chordata	Reptilia	Squamata	Pseudoxyrhophiidae	Langaha	Langaha madagascariensis		SPECIES	Langaha madagascariensis Bonaterre, 1790	LANGAHA MADAGASCARIENSIS		MG	NR ANENA S OF MANAMBARO	Toliara	PRESENT	1	6ea87510-0561-11d8-b851-b8a03c50a862	-25.083333	46.8							1994-06-29	29	6	1994	6NWZ9	6NWZ9	PRESERVED_SPECIMEN	UMMZ	UMMZ-Herps	209391				CC_BY_4_0	The Regents of the University of Michigan	R A NUSSBAUM			2026-09-10T18:58:11.163Z		GEODETIC_DATUM_ASSUMED_WGS84
1987189272	8e479b8f-ac16-4bed-a11a-bc7e27c31663	cacbf38e-3e14-49af-a67c-3e898ed83576	Animalia	Chordata	Reptilia	Squamata	Pseudoxyrhophiidae	Langaha	Langaha madagascariensis		SPECIES	Langaha madagascariensis Bonaterre, 1790	LANGAHA MADAGASCARIENSIS		MG	NEAR ANENA S OF MANAMBARO	Toliara	PRESENT	1	6ea87510-0561-11d8-b851-b8a03c50a862	-25.083333	46.8							1994-06-08	8	6	1994	6NWZ9	6NWZ9	PRESERVED_SPECIMEN	UMMZ	UMMZ-Herps	218207				CC_BY_4_0	The Regents of the University of Michigan	R A NUSSBAUM			2026-09-10T18:58:12.795Z		GEODETIC_DATUM_ASSUMED_WGS84
1987185375	8e479b8f-ac16-4bed-a11a-bc7e27c31663	c83282b1-aa59-410c-ac83-a9ecc8c0f3b6	Animalia	Chordata	Reptilia	Squamata	Pseudoxyrhophiidae	Langaha	Langaha madagascariensis		SPECIES	Langaha madagascariensis Bonaterre, 1790	LANGAHA MADAGASCARIENSIS		MG	LOKOBE RESERVE AMPASINDAVA	Antsiranana	PRESENT	1	6ea87510-0561-11d8-b851-b8a03c50a862	-13.4	48.3							1993-10-19	19	10	1993	6NWZ9	6NWZ9	PRESERVED_SPECIMEN	UMMZ	UMMZ-Herps	208460				CC_BY_4_0	The Regents of the University of Michigan	C J RAXWORTHY & J B RAMANAMANJATO & A RASELIMANANA & A RAZAFIMANANTSOA & A RAZAFIMANANTSOA			2026-09-10T18:58:13.052Z		GEODETIC_DATUM_ASSUMED_WGS84
1987178220	8e479b8f-ac16-4bed-a11a-bc7e27c31663	bbb49fba-d4ca-48cf-bfac-0e5edaeeda86	Animalia	Chordata	Reptilia	Squamata	Pseudoxyrhophiidae	Langaha	Langaha madagascariensis		SPECIES	Langaha madagascariensis Bonaterre, 1790	LANGAHA MADAGASCARIENSIS		MG	NEAR ANENA S OF MANAMBARO 60 M	Toliara	PRESENT	1	6ea87510-0561-11d8-b851-b8a03c50a862	-25.083333	46.8							1994-11-09	9	11	1994	6NWZ9	6NWZ9	PRESERVED_SPECIMEN	UMMZ	UMMZ-Herps	218203				CC_BY_4_0	The Regents of the University of Michigan	R A NUSSBAUM			2026-09-10T18:58:12.231Z		GEODETIC_DATUM_ASSUMED_WGS84
1987174965	8e479b8f-ac16-4bed-a11a-bc7e27c31663	bb599749-3835-4807-9d4f-e0357822112c	Animalia	Chordata	Reptilia	Squamata	Pseudoxyrhophiidae	Langaha	Langaha madagascariensis		SPECIES	Langaha madagascariensis Bonaterre, 1790	LANGAHA MADAGASCARIENSIS		MG	TOLANARO AFFETOLOHA NEAR AMBATORONGORONGO	Toliara	PRESENT	1	6ea87510-0561-11d8-b851-b8a03c50a862	-25.191666	46.783333							1994-12-17	17	12	1994	6NWZ9	6NWZ9	PRESERVED_SPECIMEN	UMMZ	UMMZ-Herps	218194				CC_BY_4_0	The Regents of the University of Michigan	R A NUSSBAUM			2026-09-10T18:58:09.028Z		GEODETIC_DATUM_ASSUMED_WGS84
1987173317	8e479b8f-ac16-4bed-a11a-bc7e27c31663	b911e282-130f-4767-9604-ad19f37a58c4	Animalia	Chordata	Reptilia	Squamata	Pseudoxyrhophiidae	Langaha	Langaha madagascariensis		SPECIES	Langaha madagascariensis Bonaterre, 1790	LANGAHA MADAGASCARIENSIS		MG	ANENA S OF PETRIKY 55 M	Toliara	PRESENT	1	6ea87510-0561-11d8-b851-b8a03c50a862	-25.083333	46.8							1994-06-04	4	6	1994	6NWZ9	6NWZ9	PRESERVED_SPECIMEN	UMMZ	UMMZ-Herps	208462				CC_BY_4_0	The Regents of the University of Michigan	R A NUSSBAUM			2026-09-10T18:58:08.472Z		GEODETIC_DATUM_ASSUMED_WGS84
1987173197	8e479b8f-ac16-4bed-a11a-bc7e27c31663	b6e5c4c7-9095-46ae-b357-3f39962152fc	Animalia	Chordata	Reptilia	Squamata	Pseudoxyrhophiidae	Langaha	Langaha madagascariensis		SPECIES	Langaha madagascariensis Bonaterre, 1790	LANGAHA MADAGASCARIENSIS		MG	PETRIKY	Toliara	PRESENT	1	6ea87510-0561-11d8-b851-b8a03c50a862	-25.066666	46.883333							1992-10-18	18	10	1992	6NWZ9	6NWZ9	PRESERVED_SPECIMEN	UMMZ	UMMZ-Herps	209377				CC_BY_4_0	The Regents of the University of Michigan	R A NUSSBAUM			2026-09-10T18:58:10.083Z		GEODETIC_DATUM_ASSUMED_WGS84
1987172898	8e479b8f-ac16-4bed-a11a-bc7e27c31663	b8b0ff33-437e-42d0-a902-4d3f739a7be8	Animalia	Chordata	Reptilia	Squamata	Pseudoxyrhophiidae	Langaha	Langaha madagascariensis		SPECIES	Langaha madagascariensis Bonaterre, 1790	LANGAHA MADAGASCARIENSIS		MG	BETIOKY SEPT LACS	Toliara	PRESENT	1	6ea87510-0561-11d8-b851-b8a03c50a862	-23.525183	44.153733							1995-03-14	14	3	1995	6NWZ9	6NWZ9	PRESERVED_SPECIMEN	UMMZ	UMMZ-Herps	218210				CC_BY_4_0	The Regents of the University of Michigan	C J RAXWORTHY			2026-09-10T18:58:12.620Z		GEODETIC_DATUM_ASSUMED_WGS84
1987170843	8e479b8f-ac16-4bed-a11a-bc7e27c31663	b5a186de-4add-4453-ba75-899e17f91647	Animalia	Chordata	Reptilia	Squamata	Pseudoxyrhophiidae	Langaha	Langaha madagascariensis		SPECIES	Langaha madagascariensis Bonaterre, 1790	LANGAHA MADAGASCARIENSIS		MG	ANENA S OF MANAMBARO 60 M	Toliara	PRESENT	1	6ea87510-0561-11d8-b851-b8a03c50a862	-25.083333	46.8							1994-10-25	25	10	1994	6NWZ9	6NWZ9	PRESERVED_SPECIMEN	UMMZ	UMMZ-Herps	218201				CC_BY_4_0	The Regents of the University of Michigan	R A NUSSBAUM			2026-09-10T18:58:21.152Z		GEODETIC_DATUM_ASSUMED_WGS84
1987159994	8e479b8f-ac16-4bed-a11a-bc7e27c31663	a87e2234-eacf-4de0-a402-6915c5d4b578	Animalia	Chordata	Reptilia	Squamata	Pseudoxyrhophiidae	Langaha	Langaha madagascariensis		SPECIES	Langaha madagascariensis Bonaterre, 1790	LANGAHA MADAGASCARIENSIS		MG	PETRIKY S OF MANAMBARO	Toliara	PRESENT	1	6ea87510-0561-11d8-b851-b8a03c50a862	-25.066666	46.883333							1992-06-12	12	6	1992	6NWZ9	6NWZ9	PRESERVED_SPECIMEN	UMMZ	UMMZ-Herps	209379				CC_BY_4_0	The Regents of the University of Michigan	R A NUSSBAUM			2026-09-10T18:58:17.840Z		GEODETIC_DATUM_ASSUMED_WGS84
1987150421	8e479b8f-ac16-4bed-a11a-bc7e27c31663	9cbfc998-b162-4540-9c47-331481a96658	Animalia	Chordata	Reptilia	Squamata	Pseudoxyrhophiidae	Langaha	Langaha madagascariensis		SPECIES	Langaha madagascariensis Bonaterre, 1790	LANGAHA MADAGASCARIENSIS		MG	TOLANARO AFFETOLOHA NEAR AMBATORONGORONGO	Toliara	PRESENT	1	6ea87510-0561-11d8-b851-b8a03c50a862	-25.191666	46.783333							1994-12-17	17	12	1994	6NWZ9	6NWZ9	PRESERVED_SPECIMEN	UMMZ	UMMZ-Herps	218198				CC_BY_4_0	The Regents of the University of Michigan	R A NUSSBAUM			2026-09-10T18:58:19.832Z		GEODETIC_DATUM_ASSUMED_WGS84
1987149778	8e479b8f-ac16-4bed-a11a-bc7e27c31663	9bf9b329-7391-40e1-b68d-b47bdd9275f4	Animalia	Chordata	Reptilia	Squamata	Pseudoxyrhophiidae	Langaha	Langaha madagascariensis		SPECIES	Langaha madagascariensis Bonaterre, 1790	LANGAHA MADAGASCARIENSIS		MG	PETRIKY S OF MANAMBARO 5 M	Toliara	PRESENT	1	6ea87510-0561-11d8-b851-b8a03c50a862	-25.066666	46.883333							1992-10-12	12	10	1992	6NWZ9	6NWZ9	PRESERVED_SPECIMEN	UMMZ	UMMZ-Herps	209382				CC_BY_4_0	The Regents of the University of Michigan	R A NUSSBAUM			2026-09-10T18:58:11.344Z		GEODETIC_DATUM_ASSUMED_WGS84
1987149715	8e479b8f-ac16-4bed-a11a-bc7e27c31663	9bbf8c00-8700-4e6c-993a-6b2af9fef73e	Animalia	Chordata	Reptilia	Squamata	Pseudoxyrhophiidae	Langaha	Langaha madagascariensis		SPECIES	Langaha madagascariensis Bonaterre, 1790	LANGAHA MADAGASCARIENSIS		MG	NR ANENA S OF MANAMBARO	Toliara	PRESENT	1	6ea87510-0561-11d8-b851-b8a03c50a862	-25.083333	46.8							1994-06-29	29	6	1994	6NWZ9	6NWZ9	PRESERVED_SPECIMEN	UMMZ	UMMZ-Herps	209392				CC_BY_4_0	The Regents of the University of Michigan	R A NUSSBAUM			2026-09-10T18:58:19.838Z		GEODETIC_DATUM_ASSUMED_WGS84
1987142497	8e479b8f-ac16-4bed-a11a-bc7e27c31663	92fdf149-c004-4b6b-84c3-0f9c6ca2c751	Animalia	Chordata	Reptilia	Squamata	Pseudoxyrhophiidae	Langaha	Langaha madagascariensis		SPECIES	Langaha madagascariensis Bonaterre, 1790	LANGAHA MADAGASCARIENSIS		MG	PETRIKY S OF MANAMBARO 5 M	Toliara	PRESENT	1	6ea87510-0561-11d8-b851-b8a03c50a862	-25.066666	46.883333							1993-01-28	28	1	1993	6NWZ9	6NWZ9	PRESERVED_SPECIMEN	UMMZ	UMMZ-Herps	209384				CC_BY_4_0	The Regents of the University of Michigan	G RAHARIMANANA			2026-09-10T18:58:19.951Z		GEODETIC_DATUM_ASSUMED_WGS84
1987142173	8e479b8f-ac16-4bed-a11a-bc7e27c31663	926c8e0e-d885-4ac1-9e42-4d762ae81c14	Animalia	Chordata	Reptilia	Squamata	Pseudoxyrhophiidae	Langaha	Langaha madagascariensis		SPECIES	Langaha madagascariensis Bonaterre, 1790	LANGAHA MADAGASCARIENSIS		MG	TOLANARO AFFETOLOHA NEAR AMBATORONGORONGO	Toliara	PRESENT	1	6ea87510-0561-11d8-b851-b8a03c50a862	-25.191666	46.783333							1994-12-17	17	12	1994	6NWZ9	6NWZ9	PRESERVED_SPECIMEN	UMMZ	UMMZ-Herps	218199				CC_BY_4_0	The Regents of the University of Michigan	R A NUSSBAUM			2026-09-10T18:58:17.251Z		GEODETIC_DATUM_ASSUMED_WGS84
1987140822	8e479b8f-ac16-4bed-a11a-bc7e27c31663	906fb7f7-6f7a-4490-983a-a4d6db5d47a1	Animalia	Chordata	Reptilia	Squamata	Pseudoxyrhophiidae	Langaha	Langaha madagascariensis		SPECIES	Langaha madagascariensis Bonaterre, 1790	LANGAHA MADAGASCARIENSIS					PRESENT	1	6ea87510-0561-11d8-b851-b8a03c50a862													6NWZ9	6NWZ9	PRESERVED_SPECIMEN	UMMZ	UMMZ-Herps	225479				CC_BY_4_0	The Regents of the University of Michigan				2026-09-10T18:58:19.239Z		
1987131230	8e479b8f-ac16-4bed-a11a-bc7e27c31663	4e9e9284-95e2-4c99-a5ab-ae896fc43641	Animalia	Chordata	Reptilia	Squamata	Pseudoxyrhophiidae	Langaha	Langaha madagascariensis		SPECIES	Langaha madagascariensis Bonaterre, 1790	LANGAHA MADAGASCARIENSIS		MG	ANENA S OF MANAMBARO	Toliara	PRESENT	1	6ea87510-0561-11d8-b851-b8a03c50a862	-25.083333	46.8							1994-12-05	5	12	1994	6NWZ9	6NWZ9	PRESERVED_SPECIMEN	UMMZ	UMMZ-Herps	245184				CC_BY_4_0	The Regents of the University of Michigan	R A NUSSBAUM			2026-09-10T18:58:16.860Z		GEODETIC_DATUM_ASSUMED_WGS84
1987122656	8e479b8f-ac16-4bed-a11a-bc7e27c31663	79d6a2b2-4d28-46c3-b2ed-2ad44e48cb22	Animalia	Chordata	Reptilia	Squamata	Pseudoxyrhophiidae	Langaha	Langaha madagascariensis		SPECIES	Langaha madagascariensis Bonaterre, 1790	LANGAHA MADAGASCARIENSIS		MG	AMPIJOROA	Mahajanga	PRESENT	1	6ea87510-0561-11d8-b851-b8a03c50a862	-16.31355	46.817333							1995-04-12	12	4	1995	6NWZ9	6NWZ9	PRESERVED_SPECIMEN	UMMZ	UMMZ-Herps	218213				CC_BY_4_0	The Regents of the University of Michigan	C J RAXWORTHY & A RAZAFIMANANTSOA & A RAZAFIMANANTSOA			2026-09-10T18:58:08.306Z		GEODETIC_DATUM_ASSUMED_WGS84
1987120307	8e479b8f-ac16-4bed-a11a-bc7e27c31663	73d351ad-dbe5-4537-8458-fbddb60efa8f	Animalia	Chordata	Reptilia	Squamata	Pseudoxyrhophiidae	Langaha	Langaha madagascariensis		SPECIES	Langaha madagascariensis Bonaterre, 1790	LANGAHA MADAGASCARIENSIS		MG	BELOZA MARINE STATION	Toliara	PRESENT	1	6ea87510-0561-11d8-b851-b8a03c50a862	-23.491616	43.762316							1995-03-09	9	3	1995	6NWZ9	6NWZ9	PRESERVED_SPECIMEN	UMMZ	UMMZ-Herps	218209				CC_BY_4_0	The Regents of the University of Michigan	C J RAXWORTHY			2026-09-10T18:58:08.962Z		GEODETIC_DATUM_ASSUMED_WGS84
1987117877	8e479b8f-ac16-4bed-a11a-bc7e27c31663	74296664-66af-4ec0-b6ae-8fe45f28b73f	Animalia	Chordata	Reptilia	Squamata	Pseudoxyrhophiidae	Langaha	Langaha madagascariensis		SPECIES	Langaha madagascariensis Bonaterre, 1790	LANGAHA MADAGASCARIENSIS		MG	MANANTANTELY FOREST	Toliara	PRESENT	0	6ea87510-0561-11d8-b851-b8a03c50a862	-24.983333	46.916666							1990-11-11	11	11	1990	6NWZ9	6NWZ9	PRESERVED_SPECIMEN	UMMZ	UMMZ-Herps	197149				CC_BY_4_0	The Regents of the University of Michigan	C J RAXWORTHY			2026-09-10T18:58:18.234Z		GEODETIC_DATUM_ASSUMED_WGS84;INDIVIDUAL_COUNT_CONFLICTS_WITH_OCCURRENCE_STATUS
1987115882	8e479b8f-ac16-4bed-a11a-bc7e27c31663	714138bd-9cc3-4002-a78c-2f281fba0849	Animalia	Chordata	Reptilia	Squamata	Pseudoxyrhophiidae	Langaha	Langaha madagascariensis		SPECIES	Langaha madagascariensis Bonaterre, 1790	LANGAHA MADAGASCARIENSIS		MG	NEAR ANENA S OF MANAMBARO	Toliara	PRESENT	1	6ea87510-0561-11d8-b851-b8a03c50a862	-25.083333	46.8							1994-06-08	8	6	1994	6NWZ9	6NWZ9	PRESERVED_SPECIMEN	UMMZ	UMMZ-Herps	218208				CC_BY_4_0	The Regents of the University of Michigan	R A NUSSBAUM			2026-09-10T18:58:17.706Z		GEODETIC_DATUM_ASSUMED_WGS84
1987112041	8e479b8f-ac16-4bed-a11a-bc7e27c31663	69377d70-45f3-49bd-b258-58939201d6de	Animalia	Chordata	Reptilia	Squamata	Pseudoxyrhophiidae	Langaha	Langaha madagascariensis		SPECIES	Langaha madagascariensis Bonaterre, 1790	LANGAHA MADAGASCARIENSIS		MG	ANENA 5-6 KM S MANAMBARO 50 M	Toliara	PRESENT	1	6ea87510-0561-11d8-b851-b8a03c50a862	-25.083333	46.8							1994-06-04	4	6	1994	6NWZ9	6NWZ9	PRESERVED_SPECIMEN	UMMZ	UMMZ-Herps	209388				CC_BY_4_0	The Regents of the University of Michigan	R A NUSSBAUM			2026-09-10T18:58:10.683Z		GEODETIC_DATUM_ASSUMED_WGS84
1987107954	8e479b8f-ac16-4bed-a11a-bc7e27c31663	67a17551-3914-44c5-ba20-549e1bf78464	Animalia	Chordata	Reptilia	Squamata	Pseudoxyrhophiidae	Langaha	Langaha madagascariensis		SPECIES	Langaha madagascariensis Bonaterre, 1790	LANGAHA MADAGASCARIENSIS		MG	HEVINY FOREST MANOMBA 17 DEG 53.665' S X 44 DEG 01.010' E	Mahajanga	PRESENT	1	6ea87510-0561-11d8-b851-b8a03c50a862	-17.894417	44.016833							2002-02-17	17	2	2002	6NWZ9	6NWZ9	PRESERVED_SPECIMEN	UMMZ	UMMZ-Herps	237323				CC_BY_4_0	The Regents of the University of Michigan	JURGEN SPANNRING & JEANNOT RAFANOMAZANTSOA & MIALY RAKOTOARIVELO			2026-09-10T18:58:07.383Z		COORDINATE_ROUNDED;GEODETIC_DATUM_ASSUMED_WGS84
1987104754	8e479b8f-ac16-4bed-a11a-bc7e27c31663	6083b465-3537-49b8-88c9-2cb384eae4f3	Animalia	Chordata	Reptilia	Squamata	Pseudoxyrhophiidae	Langaha	Langaha madagascariensis		SPECIES	Langaha madagascariensis Bonaterre, 1790	LANGAHA MADAGASCARIENSIS		MG	NEAR ANENA S OF MANAMBARO 60 M	Toliara	PRESENT	1	6ea87510-0561-11d8-b851-b8a03c50a862	-25.083333	46.8							1994-11-09	9	11	1994	6NWZ9	6NWZ9	PRESERVED_SPECIMEN	UMMZ	UMMZ-Herps	218204				CC_BY_4_0	The Regents of the University of Michigan	R A NUSSBAUM			2026-09-10T18:58:10.198Z		GEODETIC_DATUM_ASSUMED_WGS84
1987098450	8e479b8f-ac16-4bed-a11a-bc7e27c31663	5b89611c-4aed-403e-ab7c-fd2e45172c44	Animalia	Chordata	Reptilia	Squamata	Pseudoxyrhophiidae	Langaha	Langaha madagascariensis		SPECIES	Langaha madagascariensis Bonaterre, 1790	LANGAHA MADAGASCARIENSIS		MG	PETRIKY 5-10 M	Toliara	PRESENT	1	6ea87510-0561-11d8-b851-b8a03c50a862	-25.066666	46.883333							1992-06-10	10	6	1992	6NWZ9	6NWZ9	PRESERVED_SPECIMEN	UMMZ	UMMZ-Herps	209380				CC_BY_4_0	The Regents of the University of Michigan	R A NUSSBAUM			2026-09-10T18:58:16.432Z		GEODETIC_DATUM_ASSUMED_WGS84
1987096893	8e479b8f-ac16-4bed-a11a-bc7e27c31663	567aaabc-5eb6-4e18-8044-429c2232db80	Animalia	Chordata	Reptilia	Squamata	Pseudoxyrhophiidae	Langaha	Langaha madagascariensis		SPECIES	Langaha madagascariensis Bonaterre, 1790	LANGAHA MADAGASCARIENSIS		MG	LOKOBE RESERVE AMPASINDAVA	Antsiranana	PRESENT	1	6ea87510-0561-11d8-b851-b8a03c50a862	-13.4	48.3							1993-10-15	15	10	1993	6NWZ9	6NWZ9	PRESERVED_SPECIMEN	UMMZ	UMMZ-Herps	209372				CC_BY_4_0	The Regents of the University of Michigan	C J RAXWORTHY & J B RAMANAMANJATO & A RASELIMANANA			2026-09-10T18:58:09.899Z		GEODETIC_DATUM_ASSUMED_WGS84
1987094030	8e479b8f-ac16-4bed-a11a-bc7e27c31663	55ba526c-d5a3-4bda-bfa6-3e3023167eb1	Animalia	Chordata	Reptilia	Squamata	Pseudoxyrhophiidae	Langaha	Langaha madagascariensis		SPECIES	Langaha madagascariensis Bonaterre, 1790	LANGAHA MADAGASCARIENSIS		MG	ANENA S OF MANAMBARO	Toliara	PRESENT	1	6ea87510-0561-11d8-b851-b8a03c50a862	-25.083333	46.8							1994-12-05	5	12	1994	6NWZ9	6NWZ9	PRESERVED_SPECIMEN	UMMZ	UMMZ-Herps	218192				CC_BY_4_0	The Regents of the University of Michigan	R A NUSSBAUM			2026-09-10T18:58:15.991Z		GEODETIC_DATUM_ASSUMED_WGS84
1987084095	8e479b8f-ac16-4bed-a11a-bc7e27c31663	496c44f1-f463-4352-b548-310ecfdf89d4	Animalia	Chordata	Reptilia	Squamata	Pseudoxyrhophiidae	Langaha	Langaha madagascariensis		SPECIES	Langaha madagascariensis Bonaterre, 1790	LANGAHA MADAGASCARIENSIS		MG	PETRIKY 5-10 M	Toliara	PRESENT	1	6ea87510-0561-11d8-b851-b8a03c50a862	-25.066666	46.883333							1992-06-13	13	6	1992	6NWZ9	6NWZ9	PRESERVED_SPECIMEN	UMMZ	UMMZ-Herps	209381				CC_BY_4_0	The Regents of the University of Michigan	R A NUSSBAUM			2026-09-10T18:58:14.948Z		GEODETIC_DATUM_ASSUMED_WGS84
1987083140	8e479b8f-ac16-4bed-a11a-bc7e27c31663	4871db27-2eaa-40da-bb61-24259b8da059	Animalia	Chordata	Reptilia	Squamata	Pseudoxyrhophiidae	Langaha	Langaha madagascariensis		SPECIES	Langaha madagascariensis Bonaterre, 1790	LANGAHA MADAGASCARIENSIS		MG	NR ANDROATSABO SE TRANOMARO	Toliara	PRESENT	1	6ea87510-0561-11d8-b851-b8a03c50a862	-24.633333	46.516666							1993-08-17	17	8	1993	6NWZ9	6NWZ9	PRESERVED_SPECIMEN	UMMZ	UMMZ-Herps	209370				CC_BY_4_0	The Regents of the University of Michigan	G RAHARIMANANA			2026-09-10T18:58:08.281Z		GEODETIC_DATUM_ASSUMED_WGS84
1987078659	8e479b8f-ac16-4bed-a11a-bc7e27c31663	42cd1399-d6e2-45c3-a8b7-0d2b4b358c10	Animalia	Chordata	Reptilia	Squamata	Pseudoxyrhophiidae	Langaha	Langaha madagascariensis		SPECIES	Langaha madagascariensis Bonaterre, 1790	LANGAHA MADAGASCARIENSIS		MG	ANENA 5-6 KM S MANAMBARO 50 M	Toliara	PRESENT	1	6ea87510-0561-11d8-b851-b8a03c50a862	-25.083333	46.8							1994-06-04	4	6	1994	6NWZ9	6NWZ9	PRESERVED_SPECIMEN	UMMZ	UMMZ-Herps	209389				CC_BY_4_0	The Regents of the University of Michigan	R A NUSSBAUM			2026-09-10T18:58:15.115Z		GEODETIC_DATUM_ASSUMED_WGS84
1987076276	8e479b8f-ac16-4bed-a11a-bc7e27c31663	3fc3edd9-b22e-47cc-86e7-9f5adca8f473	Animalia	Chordata	Reptilia	Squamata	Pseudoxyrhophiidae	Langaha	Langaha madagascariensis		SPECIES	Langaha madagascariensis Bonaterre, 1790	LANGAHA MADAGASCARIENSIS		MG	ANENA S OF PETRIKY 55 M	Toliara	PRESENT	1	6ea87510-0561-11d8-b851-b8a03c50a862	-25.083333	46.8							1994-06-04	4	6	1994	6NWZ9	6NWZ9	PRESERVED_SPECIMEN	UMMZ	UMMZ-Herps	208461				CC_BY_4_0	The Regents of the University of Michigan	R A NUSSBAUM			2026-09-10T18:58:08.398Z		GEODETIC_DATUM_ASSUMED_WGS84
1987073898	8e479b8f-ac16-4bed-a11a-bc7e27c31663	3cda206d-8daa-4f5b-9544-d91589ad9541	Animalia	Chordata	Reptilia	Squamata	Pseudoxyrhophiidae	Langaha	Langaha madagascariensis		SPECIES	Langaha madagascariensis Bonaterre, 1790	LANGAHA MADAGASCARIENSIS		MG	TOLANARO AFFETOLOHA NEAR AMBATORONGORONGO	Toliara	PRESENT	1	6ea87510-0561-11d8-b851-b8a03c50a862	-25.191666	46.783333							1994-12-17	17	12	1994	6NWZ9	6NWZ9	PRESERVED_SPECIMEN	UMMZ	UMMZ-Herps	218197				CC_BY_4_0	The Regents of the University of Michigan	R A NUSSBAUM			2026-09-10T18:58:05.678Z		GEODETIC_DATUM_ASSUMED_WGS84
1987072689	8e479b8f-ac16-4bed-a11a-bc7e27c31663	3b4dffeb-c309-4c5f-8c48-0cb1597f9ed1	Animalia	Chordata	Reptilia	Squamata	Pseudoxyrhophiidae	Langaha	Langaha madagascariensis		SPECIES	Langaha madagascariensis Bonaterre, 1790	LANGAHA MADAGASCARIENSIS		MG	NEAR ANENA S OF MANAMBARO 60 M	Toliara	PRESENT	1	6ea87510-0561-11d8-b851-b8a03c50a862	-25.083333	46.8							1994-11-09	9	11	1994	6NWZ9	6NWZ9	PRESERVED_SPECIMEN	UMMZ	UMMZ-Herps	218206				CC_BY_4_0	The Regents of the University of Michigan	R A NUSSBAUM			2026-09-10T18:58:04.240Z		GEODETIC_DATUM_ASSUMED_WGS84
1987071847	8e479b8f-ac16-4bed-a11a-bc7e27c31663	3a1bbcdb-2d33-41bf-9511-7fbefc5afb76	Animalia	Chordata	Reptilia	Squamata	Pseudoxyrhophiidae	Langaha	Langaha madagascariensis		SPECIES	Langaha madagascariensis Bonaterre, 1790	LANGAHA MADAGASCARIENSIS		MG	55795-MADAGASCAR		PRESENT	1	6ea87510-0561-11d8-b851-b8a03c50a862													6NWZ9	6NWZ9	PRESERVED_SPECIMEN	UMMZ	UMMZ-Herps	55795				CC_BY_4_0	The Regents of the University of Michigan				2026-09-10T18:58:04.109Z		
1987071461	8e479b8f-ac16-4bed-a11a-bc7e27c31663	39c2648e-d09e-4d8a-82aa-55bc0b0e5f6b	Animalia	Chordata	Reptilia	Squamata	Pseudoxyrhophiidae	Langaha	Langaha madagascariensis		SPECIES	Langaha madagascariensis Bonaterre, 1790	LANGAHA MADAGASCARIENSIS		MG	PETRIKY S OF MANAMBARO 5 M	Toliara	PRESENT	1	6ea87510-0561-11d8-b851-b8a03c50a862	-25.066666	46.883333							1993-02-01	1	2	1993	6NWZ9	6NWZ9	PRESERVED_SPECIMEN	UMMZ	UMMZ-Herps	209385				CC_BY_4_0	The Regents of the University of Michigan	G RAHARIMANANA			2026-09-10T18:58:08.317Z		GEODETIC_DATUM_ASSUMED_WGS84
1987071438	8e479b8f-ac16-4bed-a11a-bc7e27c31663	39cbdf03-dc71-49d6-b440-ae033a99f18a	Animalia	Chordata	Reptilia	Squamata	Pseudoxyrhophiidae	Langaha	Langaha madagascariensis		SPECIES	Langaha madagascariensis Bonaterre, 1790	LANGAHA MADAGASCARIENSIS		MG	LOKOBE RESERVE AMPASINDAVA	Antsiranana	PRESENT	1	6ea87510-0561-11d8-b851-b8a03c50a862	-13.4	48.3							1993-10-18	18	10	1993	6NWZ9	6NWZ9	PRESERVED_SPECIMEN	UMMZ	UMMZ-Herps	209373				CC_BY_4_0	The Regents of the University of Michigan	C J RAXWORTHY & J B RAMANAMANJATO & A RASELIMANANA			2026-09-10T18:58:04.972Z		GEODETIC_DATUM_ASSUMED_WGS84
1987062395	8e479b8f-ac16-4bed-a11a-bc7e27c31663	2e6431f3-6807-4e04-adf4-0cf3ac15c5f4	Animalia	Chordata	Reptilia	Squamata	Pseudoxyrhophiidae	Langaha	Langaha madagascariensis		SPECIES	Langaha madagascariensis Bonaterre, 1790	LANGAHA MADAGASCARIENSIS		MG	ANENA S OF PETRIKY 55 M	Toliara	PRESENT	1	6ea87510-0561-11d8-b851-b8a03c50a862	-25.083333	46.8							1994-06-04	4	6	1994	6NWZ9	6NWZ9	PRESERVED_SPECIMEN	UMMZ	UMMZ-Herps	209393				CC_BY_4_0	The Regents of the University of Michigan	R A NUSSBAUM			2026-09-10T18:58:06.807Z		GEODETIC_DATUM_ASSUMED_WGS84
1987061051	8e479b8f-ac16-4bed-a11a-bc7e27c31663	2cb1ac15-2d2a-4dc2-a202-aa8ee37882a1	Animalia	Chordata	Reptilia	Squamata	Pseudoxyrhophiidae	Langaha	Langaha madagascariensis		SPECIES	Langaha madagascariensis Bonaterre, 1790	LANGAHA MADAGASCARIENSIS		MG	LOKOBE RESERVE AMPASINDAVA	Antsiranana	PRESENT	1	6ea87510-0561-11d8-b851-b8a03c50a862	-13.4	48.3							1993-10-29	29	10	1993	6NWZ9	6NWZ9	PRESERVED_SPECIMEN	UMMZ	UMMZ-Herps	209376				CC_BY_4_0	The Regents of the University of Michigan	R A NUSSBAUM & C J RAXWORTHY & J B RAMANAMANJATO & A RASELIMANANA & A RAZAFIMANANTSOA & A RAZAFIMANANTSOA			2026-09-10T18:58:13.097Z		GEODETIC_DATUM_ASSUMED_WGS84
1987058593	8e479b8f-ac16-4bed-a11a-bc7e27c31663	29807959-4dc4-4b0b-9c32-91ceec012b6a	Animalia	Chordata	Reptilia	Squamata	Pseudoxyrhophiidae	Langaha	Langaha madagascariensis		SPECIES	Langaha madagascariensis Bonaterre, 1790	LANGAHA MADAGASCARIENSIS		MG	ANENA S OF MANAMBARO 60 M	Toliara	PRESENT	1	6ea87510-0561-11d8-b851-b8a03c50a862	-25.083333	46.8							1994-10-25	25	10	1994	6NWZ9	6NWZ9	PRESERVED_SPECIMEN	UMMZ	UMMZ-Herps	218200				CC_BY_4_0	The Regents of the University of Michigan	R A NUSSBAUM			2026-09-10T18:58:06.552Z		GEODETIC_DATUM_ASSUMED_WGS84
1987053278	8e479b8f-ac16-4bed-a11a-bc7e27c31663	232da7f0-677a-48ff-8552-06f257551c95	Animalia	Chordata	Reptilia	Squamata	Pseudoxyrhophiidae	Langaha	Langaha madagascariensis		SPECIES	Langaha madagascariensis Bonaterre, 1790	LANGAHA MADAGASCARIENSIS		MG	TOLANARO AFFETOLOHA NEAR AMBATORONGORONGO	Toliara	PRESENT	1	6ea87510-0561-11d8-b851-b8a03c50a862	-25.191666	46.783333							1994-12-17	17	12	1994	6NWZ9	6NWZ9	PRESERVED_SPECIMEN	UMMZ	UMMZ-Herps	218195				CC_BY_4_0	The Regents of the University of Michigan	R A NUSSBAUM			2026-09-10T18:58:14.277Z		GEODETIC_DATUM_ASSUMED_WGS84
1987051648	8e479b8f-ac16-4bed-a11a-bc7e27c31663	20daf8fa-a91b-4581-bf1c-b7df17a23b24	Animalia	Chordata	Reptilia	Squamata	Pseudoxyrhophiidae	Langaha	Langaha madagascariensis		SPECIES	Langaha madagascariensis Bonaterre, 1790	LANGAHA MADAGASCARIENSIS		MG	PETRIKY S OF MANAMBARO	Toliara	PRESENT	1	6ea87510-0561-11d8-b851-b8a03c50a862	-25.066666	46.883333							1994-06-02	2	6	1994	6NWZ9	6NWZ9	PRESERVED_SPECIMEN	UMMZ	UMMZ-Herps	209387				CC_BY_4_0	The Regents of the University of Michigan	R A NUSSBAUM			2026-09-10T18:58:12.481Z		GEODETIC_DATUM_ASSUMED_WGS84
1987050870	8e479b8f-ac16-4bed-a11a-bc7e27c31663	2062e8bd-22d7-4af9-818f-af081734c7ad	Animalia	Chordata	Reptilia	Squamata	Pseudoxyrhophiidae	Langaha	Langaha madagascariensis		SPECIES	Langaha madagascariensis Bonaterre, 1790	LANGAHA MADAGASCARIENSIS		MG	PETRIKY S OF MANAMBARO 5 M	Toliara	PRESENT	1	6ea87510-0561-11d8-b851-b8a03c50a862	-25.066666	46.883333							1993-02-01	1	2	1993	6NWZ9	6NWZ9	PRESERVED_SPECIMEN	UMMZ	UMMZ-Herps	209386				CC_BY_4_0	The Regents of the University of Michigan	G RAHARIMANANA			2026-09-10T18:58:04.168Z		GEODETIC_DATUM_ASSUMED_WGS84
1987047193	8e479b8f-ac16-4bed-a11a-bc7e27c31663	1b33837a-833d-4a73-a0ab-09b79d3e6cda	Animalia	Chordata	Reptilia	Squamata	Pseudoxyrhophiidae	Langaha	Langaha madagascariensis		SPECIES	Langaha madagascariensis Bonaterre, 1790	LANGAHA MADAGASCARIENSIS		MG	LOKOBE RESERVE ANDRANOMAINTY	Antsiranana	PRESENT	1	6ea87510-0561-11d8-b851-b8a03c50a862	-13.383333	48.333333							1993-10-26	26	10	1993	6NWZ9	6NWZ9	PRESERVED_SPECIMEN	UMMZ	UMMZ-Herps	209375				CC_BY_4_0	The Regents of the University of Michigan	R A NUSSBAUM & C J RAXWORTHY & J B RAMANAMANJATO & A RASELIMANANA & A RAZAFIMANANTSOA & A RAZAFIMANANTSOA			2026-09-10T18:58:03.331Z		GEODETIC_DATUM_ASSUMED_WGS84
1987045471	8e479b8f-ac16-4bed-a11a-bc7e27c31663	192f846a-2dbd-480c-9722-a8e69dc854ac	Animalia	Chordata	Reptilia	Squamata	Pseudoxyrhophiidae	Langaha	Langaha madagascariensis		SPECIES	Langaha madagascariensis Bonaterre, 1790	LANGAHA MADAGASCARIENSIS		MG	LOKOBE RESERVE AMPASINDAVA	Antsiranana	PRESENT	1	6ea87510-0561-11d8-b851-b8a03c50a862	-13.4	48.3							1993-10-04	4	10	1993	6NWZ9	6NWZ9	PRESERVED_SPECIMEN	UMMZ	UMMZ-Herps	209371				CC_BY_4_0	The Regents of the University of Michigan	C J RAXWORTHY & A RAZAFIMANANTSOA & A RAZAFIMANANTSOA			2026-09-10T18:58:04.791Z		GEODETIC_DATUM_ASSUMED_WGS84
1987039251	8e479b8f-ac16-4bed-a11a-bc7e27c31663	112b5d71-d7df-4eb0-99f2-fd404478b968	Animalia	Chordata	Reptilia	Squamata	Pseudoxyrhophiidae	Langaha	Langaha madagascariensis		SPECIES	Langaha madagascariensis Bonaterre, 1790	LANGAHA MADAGASCARIENSIS		MG	MANONGARIVO RESERVE AMBALAFARY	Antsiranana	PRESENT	1	6ea87510-0561-11d8-b851-b8a03c50a862	-14.066666	48.283333							1992-02-24	24	2	1992	6NWZ9	6NWZ9	PRESERVED_SPECIMEN	UMMZ	UMMZ-Herps	201616				CC_BY_4_0	The Regents of the University of Michigan	C J RAXWORTHY & A RASELIMANANA & J B RAMANAMANJATO			2026-09-10T18:58:05.089Z		GEODETIC_DATUM_ASSUMED_WGS84
1987034860	8e479b8f-ac16-4bed-a11a-bc7e27c31663	07219db6-fa57-4e50-abff-e5ee84e3cbd2	Animalia	Chordata	Reptilia	Squamata	Pseudoxyrhophiidae	Langaha	Langaha madagascariensis		SPECIES	Langaha madagascariensis Bonaterre, 1790	LANGAHA MADAGASCARIENSIS		MG	LOKOBE RESERVE AMPASINDAVA	Antsiranana	PRESENT	1	6ea87510-0561-11d8-b851-b8a03c50a862	-13.4	48.3							1993-10-19	19	10	1993	6NWZ9	6NWZ9	PRESERVED_SPECIMEN	UMMZ	UMMZ-Herps	209374				CC_BY_4_0	The Regents of the University of Michigan	C J RAXWORTHY & J B RAMANAMANJATO & A RASELIMANANA & A RAZAFIMANANTSOA & A RAZAFIMANANTSOA			2026-09-10T18:58:02.145Z		GEODETIC_DATUM_ASSUMED_WGS84
1987034368	8e479b8f-ac16-4bed-a11a-bc7e27c31663	06c9dadd-e3ab-45b3-840f-09403af27ee8	Animalia	Chordata	Reptilia	Squamata	Pseudoxyrhophiidae	Langaha	Langaha madagascariensis		SPECIES	Langaha madagascariensis Bonaterre, 1790	LANGAHA MADAGASCARIENSIS		MG	PETRIKY S OF MANAMBARO 5 M	Toliara	PRESENT	1	6ea87510-0561-11d8-b851-b8a03c50a862	-25.066666	46.883333							1993-01-24	24	1	1993	6NWZ9	6NWZ9	PRESERVED_SPECIMEN	UMMZ	UMMZ-Herps	209383				CC_BY_4_0	The Regents of the University of Michigan	G RAHARIMANANA			2026-09-10T18:58:14.328Z		GEODETIC_DATUM_ASSUMED_WGS84
1987028367	8e479b8f-ac16-4bed-a11a-bc7e27c31663	031a349e-0120-4fb2-9704-f3e41fc0c839	Animalia	Chordata	Reptilia	Squamata	Pseudoxyrhophiidae	Langaha	Langaha madagascariensis		SPECIES	Langaha madagascariensis Bonaterre, 1790	LANGAHA MADAGASCARIENSIS		MG	RANOBE	Toliara	PRESENT	1	6ea87510-0561-11d8-b851-b8a03c50a862	-23.033416	43.60355							1995-03-25	25	3	1995	6NWZ9	6NWZ9	PRESERVED_SPECIMEN	UMMZ	UMMZ-Herps	218212				CC_BY_4_0	The Regents of the University of Michigan	C J RAXWORTHY & J B RAMANAMANJATO & A RASELIMANANA & A RAZAFIMANANTSOA & A RAZAFIMANANTSOA			2026-09-10T18:58:13.934Z		GEODETIC_DATUM_ASSUMED_WGS84
1987027040	8e479b8f-ac16-4bed-a11a-bc7e27c31663	0135d436-c5a6-425f-b44b-d4fa9774ece6	Animalia	Chordata	Reptilia	Squamata	Pseudoxyrhophiidae	Langaha	Langaha madagascariensis		SPECIES	Langaha madagascariensis Bonaterre, 1790	LANGAHA MADAGASCARIENSIS		MG	ANENA S OF MANAMBARO	Toliara	PRESENT	1	6ea87510-0561-11d8-b851-b8a03c50a862	-25.083333	46.8							1994-12-05	5	12	1994	6NWZ9	6NWZ9	PRESERVED_SPECIMEN	UMMZ	UMMZ-Herps	218193				CC_BY_4_0	The Regents of the University of Michigan	R A NUSSBAUM			2026-09-10T18:58:01.056Z		GEODETIC_DATUM_ASSUMED_WGS84
1890704293	50c9509d-22c7-4a22-a47d-8c48425ef4a7	https://www.inaturalist.org/observations/15182109	Animalia	Chordata	Reptilia	Squamata	Pseudoxyrhophiidae	Langaha	Langaha madagascariensis		SPECIES	Langaha madagascariensis Bonaterre, 1790	Langaha madagascariensis		MG		Antsiranana	PRESENT		28eb1a3f-1c15-4a95-931a-4af90ecb574d	-13.40085	48.31837	209.0						2016-03-17T18:38Z	17	3	2016	6NWZ9	6NWZ9	HUMAN_OBSERVATION	iNaturalist	Observations	15182109		Lennart Hudel	2018-08-06T23:22:09	CC_BY_NC_4_0	Lennart Hudel	Lennart Hudel			2026-09-11T06:06:24.252Z	StillImage	CONTINENT_DERIVED_FROM_COORDINATES;TAXON_ID_NOT_FOUND
1841214948	50c9509d-22c7-4a22-a47d-8c48425ef4a7	https://www.inaturalist.org/observations/11572332	Animalia	Chordata	Reptilia	Squamata	Pseudoxyrhophiidae	Langaha	Langaha madagascariensis		SPECIES	Langaha madagascariensis Bonaterre, 1790	Langaha madagascariensis		MG		Mahajanga	PRESENT		28eb1a3f-1c15-4a95-931a-4af90ecb574d	-16.259504	46.897888							2017-11-20	20	11	2017	6NWZ9	6NWZ9	HUMAN_OBSERVATION	iNaturalist	Observations	11572332		Scott Bowers	2018-04-28T03:07:02	CC_BY_NC_4_0	Scott Bowers	Scott Bowers			2026-09-11T05:59:50.035Z	StillImage	CONTINENT_DERIVED_FROM_COORDINATES;TAXON_ID_NOT_FOUND
1668793297	50c9509d-22c7-4a22-a47d-8c48425ef4a7	http://www.inaturalist.org/observations/3973084	Animalia	Chordata	Reptilia	Squamata	Pseudoxyrhophiidae	Langaha	Langaha madagascariensis		SPECIES	Langaha madagascariensis Bonaterre, 1790	Langaha madagascariensis		MG		Toliary	PRESENT		28eb1a3f-1c15-4a95-931a-4af90ecb574d	-22.841703	44.681838							2016-04-19T11:11	19	4	2016	6NWZ9	6NWZ9	HUMAN_OBSERVATION	iNaturalist	Observations	3973084		Filip Husník	2016-08-27T15:27:45	CC_BY_NC_4_0	Filip Husník	Filip Husník			2026-09-11T05:59:44.821Z		COORDINATE_ROUNDED;CONTINENT_DERIVED_FROM_COORDINATES;TAXON_ID_NOT_FOUND
1640067400	50c9509d-22c7-4a22-a47d-8c48425ef4a7	https://www.inaturalist.org/observations/7698752	Animalia	Chordata	Reptilia	Squamata	Pseudoxyrhophiidae	Langaha	Langaha pseudoalluaudi		SPECIES	Langaha pseudoalluaudi Domergue, 1988	Langaha pseudoalluaudi		MG		Mahajanga	PRESENT		28eb1a3f-1c15-4a95-931a-4af90ecb574d	-15.48054	46.63898	61.0						2016-06-28T20:52	28	6	2016	6NWZ4	6NWZ4	HUMAN_OBSERVATION	iNaturalist	Observations	7698752		Matthias De Beenhouwer	2017-08-29T09:09:09	CC_BY_NC_4_0	Matthias De Beenhouwer	Matthias De Beenhouwer			2026-09-11T05:25:27.192Z		COORDINATE_ROUNDED;CONTINENT_DERIVED_FROM_COORDINATES;TAXON_ID_NOT_FOUND
1324190897	832b8188-f762-11e1-a439-00145eb45e9a	8fd14107-274a-4004-a3f2-7a8a8197ce93	Animalia	Chordata	Reptilia	Squamata	Pseudoxyrhophiidae	Langaha	Langaha madagascariensis		SPECIES	Langaha madagascariensis Bonaterre, 1790	Langaha madagascariensis		MG	Madagascar		PRESENT		8483a1f0-1032-11db-ae00-b8a03c50a862	-18.797018	47.317922	781500.0										6NWZ9	6NWZ9	PRESERVED_SPECIMEN	UF	Herp	174567				CC_BY_NC_4_0					2026-09-15T18:31:17.590Z		INSTITUTION_MATCH_FUZZY;COLLECTION_MATCH_FUZZY
1324190892	832b8188-f762-11e1-a439-00145eb45e9a	006be8a1-f9a4-42f4-b19e-3e7eed3d0979	Animalia	Chordata	Reptilia	Squamata	Pseudoxyrhophiidae	Langaha	Langaha madagascariensis		SPECIES	Langaha madagascariensis Bonaterre, 1790	Langaha madagascariensis		MG	Madagascar		PRESENT		8483a1f0-1032-11db-ae00-b8a03c50a862	-18.797018	47.317922	781500.0										6NWZ9	6NWZ9	PRESERVED_SPECIMEN	UF	Herp	176149		Krysko, Kenneth		CC_BY_NC_4_0					2026-09-15T18:31:19.922Z		INSTITUTION_MATCH_FUZZY;COLLECTION_MATCH_FUZZY
1324190882	832b8188-f762-11e1-a439-00145eb45e9a	79bba054-7547-4b31-bf49-4f9586e4f33c	Animalia	Chordata	Reptilia	Squamata	Pseudoxyrhophiidae	Langaha	Langaha madagascariensis		SPECIES	Langaha madagascariensis Bonaterre, 1790	Langaha madagascariensis		MG	Madagascar		PRESENT		8483a1f0-1032-11db-ae00-b8a03c50a862	-18.797018	47.317922	781500.0										6NWZ9	6NWZ9	PRESERVED_SPECIMEN	UF	Herp	176150		Krysko, Kenneth		CC_BY_NC_4_0					2026-09-15T18:31:21.104Z		INSTITUTION_MATCH_FUZZY;COLLECTION_MATCH_FUZZY
1324190489	832b8188-f762-11e1-a439-00145eb45e9a	2ca2bab5-aa2a-41dc-ab1d-99e970ff64cc	Animalia	Chordata	Reptilia	Squamata	Pseudoxyrhophiidae	Langaha	Langaha madagascariensis		SPECIES	Langaha madagascariensis Bonaterre, 1790	Langaha madagascariensis		US	Miami, 11000 SW 120 Street	Florida	PRESENT		8483a1f0-1032-11db-ae00-b8a03c50a862	25.6567	-80.3736	10.0						2015-05-31	31	5	2015	6NWZ9	6NWZ9	MACHINE_OBSERVATION	UF	Herp	175756		Krysko, Kenneth		CC_BY_NC_4_0		Fobb, Jeffrey			2026-09-15T18:31:17.659Z	StillImage	
1324187001	832b8188-f762-11e1-a439-00145eb45e9a	11F1137F-F189-46C6-9556-FAF482E37DE1	Animalia	Chordata	Reptilia	Squamata	Pseudoxyrhophiidae	Langaha	Langaha madagascariensis		SPECIES	Langaha madagascariensis Bonaterre, 1790	Langaha madagascariensis		MG	Madagascar		PRESENT		8483a1f0-1032-11db-ae00-b8a03c50a862	-18.797018	47.317922	781500.0										6NWZ9	6NWZ9	PRESERVED_SPECIMEN	UF	Herp	137512				CC_BY_NC_4_0					2026-09-15T18:31:18.919Z	StillImage	INSTITUTION_MATCH_FUZZY;COLLECTION_MATCH_FUZZY
1324186814	832b8188-f762-11e1-a439-00145eb45e9a	6E3F294C-0987-4F39-9423-842102019FCC	Animalia	Chordata	Reptilia	Squamata	Pseudoxyrhophiidae	Langaha	Langaha madagascariensis		SPECIES	Langaha madagascariensis Bonaterre, 1790	Langaha madagascariensis		MG	Madagascar		PRESENT		8483a1f0-1032-11db-ae00-b8a03c50a862	-18.797018	47.317922	781500.0										6NWZ9	6NWZ9	PRESERVED_SPECIMEN	UF	Herp	137341				CC_BY_NC_4_0					2026-09-15T18:31:15.363Z		INSTITUTION_MATCH_FUZZY;COLLECTION_MATCH_FUZZY
1324184059	832b8188-f762-11e1-a439-00145eb45e9a	7431F2CB-BB69-4E46-A327-BFB1068FC055	Animalia	Chordata	Reptilia	Squamata	Pseudoxyrhophiidae	Langaha	Langaha madagascariensis		SPECIES	Langaha madagascariensis Bonaterre, 1790	Langaha madagascariensis		MG	Madagascar		PRESENT		8483a1f0-1032-11db-ae00-b8a03c50a862	-18.797018	47.317922	781500.0										6NWZ9	6NWZ9	PRESERVED_SPECIMEN	UF	Herp	134201				CC_BY_NC_4_0					2026-09-15T18:31:17.324Z		RECORDED_DATE_INVALID;INSTITUTION_MATCH_FUZZY;COLLECTION_MATCH_FUZZY
1324183736	832b8188-f762-11e1-a439-00145eb45e9a	421AAFAE-5A9E-42C5-AB33-B1353A93E513	Animalia	Chordata	Reptilia	Squamata	Pseudoxyrhophiidae	Langaha	Langaha madagascariensis		SPECIES	Langaha madagascariensis Bonaterre, 1790	Langaha madagascariensis		MG	Madagascar		PRESENT		8483a1f0-1032-11db-ae00-b8a03c50a862	-18.797018	47.317922	781500.0										6NWZ9	6NWZ9	PRESERVED_SPECIMEN	UF	Herp	133819				CC_BY_NC_4_0					2026-09-15T18:31:15.280Z		RECORDED_DATE_INVALID;INSTITUTION_MATCH_FUZZY;COLLECTION_MATCH_FUZZY
1324181537	832b8188-f762-11e1-a439-00145eb45e9a	DF912BBB-6C8B-4883-BF5C-432C3193DED1	Animalia	Chordata	Reptilia	Squamata	Pseudoxyrhophiidae	Langaha	Langaha madagascariensis		SPECIES	Langaha madagascariensis Bonaterre, 1790	Langaha madagascariensis		MG	Madagascar		PRESENT		8483a1f0-1032-11db-ae00-b8a03c50a862	-18.797018	47.317922	781500.0										6NWZ9	6NWZ9	PRESERVED_SPECIMEN	UF	Herp	131541				CC_BY_NC_4_0					2026-09-15T18:31:20.701Z		INSTITUTION_MATCH_FUZZY;COLLECTION_MATCH_FUZZY
1324179456	832b8188-f762-11e1-a439-00145eb45e9a	08A6BFC0-96B6-47B1-8645-75673E4DCB5F	Animalia	Chordata	Reptilia	Squamata	Pseudoxyrhophiidae	Langaha	Langaha madagascariensis		SPECIES	Langaha madagascariensis Bonaterre, 1790	Langaha madagascariensis		MG	Madagascar		PRESENT		8483a1f0-1032-11db-ae00-b8a03c50a862	-18.797018	47.317922	781500.0										6NWZ9	6NWZ9	PRESERVED_SPECIMEN	UF	Herp	129458				CC_BY_NC_4_0					2026-09-15T18:31:15.134Z		INSTITUTION_MATCH_FUZZY;COLLECTION_MATCH_FUZZY
1324179440	832b8188-f762-11e1-a439-00145eb45e9a	B17366A7-5C17-4541-AD1A-FEEF9F8AA623	Animalia	Chordata	Reptilia	Squamata	Pseudoxyrhophiidae	Langaha	Langaha madagascariensis		SPECIES	Langaha madagascariensis Bonaterre, 1790	Langaha madagascariensis		MG	Madagascar		PRESENT		8483a1f0-1032-11db-ae00-b8a03c50a862	-18.797018	47.317922	781500.0										6NWZ9	6NWZ9	PRESERVED_SPECIMEN	UF	Herp	129456				CC_BY_NC_4_0					2026-09-15T18:31:15.342Z		INSTITUTION_MATCH_FUZZY;COLLECTION_MATCH_FUZZY
1324178415	832b8188-f762-11e1-a439-00145eb45e9a	AF105C5A-231B-40BD-9B87-AD9F48291977	Animalia	Chordata	Reptilia	Squamata	Pseudoxyrhophiidae	Langaha	Langaha madagascariensis		SPECIES	Langaha madagascariensis Bonaterre, 1790	Langaha madagascariensis		MG	Madagascar		PRESENT		8483a1f0-1032-11db-ae00-b8a03c50a862	-18.797018	47.317922	781500.0										6NWZ9	6NWZ9	PRESERVED_SPECIMEN	UF	Herp	128397				CC_BY_NC_4_0					2026-09-15T18:31:15.155Z		INSTITUTION_MATCH_FUZZY;COLLECTION_MATCH_FUZZY
1324178401	832b8188-f762-11e1-a439-00145eb45e9a	3AA27640-9DC9-4E64-9EE2-0BF41928749C	Animalia	Chordata	Reptilia	Squamata	Pseudoxyrhophiidae	Langaha	Langaha madagascariensis		SPECIES	Langaha madagascariensis Bonaterre, 1790	Langaha madagascariensis		MG	Madagascar		PRESENT		8483a1f0-1032-11db-ae00-b8a03c50a862	-18.797018	47.317922	781500.0										6NWZ9	6NWZ9	PRESERVED_SPECIMEN	UF	Herp	128398				CC_BY_NC_4_0					2026-09-15T18:31:15.307Z		INSTITUTION_MATCH_FUZZY;COLLECTION_MATCH_FUZZY
1324178400	832b8188-f762-11e1-a439-00145eb45e9a	BF59F522-208B-40EB-AACA-012930AA53EE	Animalia	Chordata	Reptilia	Squamata	Pseudoxyrhophiidae	Langaha	Langaha madagascariensis		SPECIES	Langaha madagascariensis Bonaterre, 1790	Langaha madagascariensis		MG	Madagascar		PRESENT		8483a1f0-1032-11db-ae00-b8a03c50a862	-18.797018	47.317922	781500.0										6NWZ9	6NWZ9	PRESERVED_SPECIMEN	UF	Herp	128396				CC_BY_NC_4_0					2026-09-15T18:31:17.172Z		INSTITUTION_MATCH_FUZZY;COLLECTION_MATCH_FUZZY
1324178397	832b8188-f762-11e1-a439-00145eb45e9a	8B944F7A-D8AC-4406-A1C7-DD5091DA8568	Animalia	Chordata	Reptilia	Squamata	Pseudoxyrhophiidae	Langaha	Langaha madagascariensis		SPECIES	Langaha madagascariensis Bonaterre, 1790	Langaha madagascariensis		MG	Madagascar		PRESENT		8483a1f0-1032-11db-ae00-b8a03c50a862	-18.797018	47.317922	781500.0										6NWZ9	6NWZ9	PRESERVED_SPECIMEN	UF	Herp	128399				CC_BY_NC_4_0					2026-09-15T18:31:19.291Z		INSTITUTION_MATCH_FUZZY;COLLECTION_MATCH_FUZZY
1324177435	832b8188-f762-11e1-a439-00145eb45e9a	9294ED01-7CD5-45E9-8DB3-F47652352988	Animalia	Chordata	Reptilia	Squamata	Pseudoxyrhophiidae	Langaha	Langaha madagascariensis		SPECIES	Langaha madagascariensis Bonaterre, 1790	Langaha madagascariensis		MG	Madagascar		PRESENT		8483a1f0-1032-11db-ae00-b8a03c50a862	-18.797018	47.317922	781500.0										6NWZ9	6NWZ9	PRESERVED_SPECIMEN	UF	Herp	127279				CC_BY_NC_4_0					2026-09-15T18:31:15.352Z		INSTITUTION_MATCH_FUZZY;COLLECTION_MATCH_FUZZY
1324177417	832b8188-f762-11e1-a439-00145eb45e9a	63D163EF-E86B-43C1-B35D-5B39EFEEDCD8	Animalia	Chordata	Reptilia	Squamata	Pseudoxyrhophiidae	Langaha	Langaha madagascariensis		SPECIES	Langaha madagascariensis Bonaterre, 1790	Langaha madagascariensis		MG	Madagascar		PRESENT		8483a1f0-1032-11db-ae00-b8a03c50a862	-18.797018	47.317922	781500.0										6NWZ9	6NWZ9	PRESERVED_SPECIMEN	UF	Herp	127280				CC_BY_NC_4_0					2026-09-15T18:31:15.156Z		INSTITUTION_MATCH_FUZZY;COLLECTION_MATCH_FUZZY
1324177408	832b8188-f762-11e1-a439-00145eb45e9a	B2B9DE72-10C5-4FB9-AAE6-21A265E7692C	Animalia	Chordata	Reptilia	Squamata	Pseudoxyrhophiidae	Langaha	Langaha madagascariensis		SPECIES	Langaha madagascariensis Bonaterre, 1790	Langaha madagascariensis		MG	Madagascar		PRESENT		8483a1f0-1032-11db-ae00-b8a03c50a862	-18.797018	47.317922	781500.0										6NWZ9	6NWZ9	PRESERVED_SPECIMEN	UF	Herp	127281				CC_BY_NC_4_0					2026-09-15T18:31:17.477Z		INSTITUTION_MATCH_FUZZY;COLLECTION_MATCH_FUZZY
1324177369	832b8188-f762-11e1-a439-00145eb45e9a	7BA73B50-47CC-4C07-81F0-03362604A1C5	Animalia	Chordata	Reptilia	Squamata	Pseudoxyrhophiidae	Langaha	Langaha madagascariensis		SPECIES	Langaha madagascariensis Bonaterre, 1790	Langaha madagascariensis		MG	Madagascar		PRESENT		8483a1f0-1032-11db-ae00-b8a03c50a862	-18.797018	47.317922	781500.0										6NWZ9	6NWZ9	PRESERVED_SPECIMEN	UF	Herp	127202				CC_BY_NC_4_0					2026-09-15T18:31:18.617Z		INSTITUTION_MATCH_FUZZY;COLLECTION_MATCH_FUZZY
1324176965	832b8188-f762-11e1-a439-00145eb45e9a	3A01C549-ECDF-4505-8F6C-46B5337C3DA4	Animalia	Chordata	Reptilia	Squamata	Pseudoxyrhophiidae	Langaha	Langaha madagascariensis		SPECIES	Langaha madagascariensis Bonaterre, 1790	Langaha madagascariensis		MG	Madagascar		PRESENT		8483a1f0-1032-11db-ae00-b8a03c50a862	-18.797018	47.317922	781500.0										6NWZ9	6NWZ9	PRESERVED_SPECIMEN	UF	Herp	126822				CC_BY_NC_4_0					2026-09-15T18:31:16.757Z		INSTITUTION_MATCH_FUZZY;COLLECTION_MATCH_FUZZY
1324176486	832b8188-f762-11e1-a439-00145eb45e9a	A99DAD0B-14B8-4F68-A554-CC713C3FAC6D	Animalia	Chordata	Reptilia	Squamata	Pseudoxyrhophiidae	Langaha	Langaha madagascariensis		SPECIES	Langaha madagascariensis Bonaterre, 1790	Langaha madagascariensis		MG	Madagascar		PRESENT		8483a1f0-1032-11db-ae00-b8a03c50a862	-18.797018	47.317922	781500.0										6NWZ9	6NWZ9	PRESERVED_SPECIMEN	UF	Herp	126349				CC_BY_NC_4_0					2026-09-15T18:31:15.323Z		INSTITUTION_MATCH_FUZZY;COLLECTION_MATCH_FUZZY
1324176081	832b8188-f762-11e1-a439-00145eb45e9a	AC6E8D3F-24C2-4384-BE0B-140A5F237A4F	Animalia	Chordata	Reptilia	Squamata	Pseudoxyrhophiidae	Langaha	Langaha madagascariensis		SPECIES	Langaha madagascariensis Bonaterre, 1790	Langaha madagascariensis		MG	Madagascar		PRESENT		8483a1f0-1032-11db-ae00-b8a03c50a862	-18.797018	47.317922	781500.0										6NWZ9	6NWZ9	PRESERVED_SPECIMEN	UF	Herp	125922				CC_BY_NC_4_0					2026-09-15T18:31:15.284Z	StillImage	RECORDED_DATE_INVALID;INSTITUTION_MATCH_FUZZY;COLLECTION_MATCH_FUZZY
1324151989	832b8188-f762-11e1-a439-00145eb45e9a	3A8215F8-2485-46D2-8703-1C7A858484BC	Animalia	Chordata	Reptilia	Squamata	Pseudoxyrhophiidae	Langaha	Langaha madagascariensis		SPECIES	Langaha madagascariensis Bonaterre, 1790	Langaha madagascariensis		MG	Madagascar		PRESENT		8483a1f0-1032-11db-ae00-b8a03c50a862	-18.797018	47.317922	781500.0										6NWZ9	6NWZ9	PRESERVED_SPECIMEN	UF	Herp	170847				CC_BY_NC_4_0					2026-09-15T18:31:14.219Z		INSTITUTION_MATCH_FUZZY;COLLECTION_MATCH_FUZZY
1324151988	832b8188-f762-11e1-a439-00145eb45e9a	B7080F1F-0318-4A9B-8A87-A1734017130D	Animalia	Chordata	Reptilia	Squamata	Pseudoxyrhophiidae	Langaha	Langaha madagascariensis		SPECIES	Langaha madagascariensis Bonaterre, 1790	Langaha madagascariensis		MG	Madagascar		PRESENT		8483a1f0-1032-11db-ae00-b8a03c50a862	-18.797018	47.317922	781500.0										6NWZ9	6NWZ9	PRESERVED_SPECIMEN	UF	Herp	170844				CC_BY_NC_4_0					2026-09-15T18:31:14.306Z		INSTITUTION_MATCH_FUZZY;COLLECTION_MATCH_FUZZY
1324151986	832b8188-f762-11e1-a439-00145eb45e9a	0FD85925-E5D4-4B2F-B65B-30A5E6C8C811	Animalia	Chordata	Reptilia	Squamata	Pseudoxyrhophiidae	Langaha	Langaha madagascariensis		SPECIES	Langaha madagascariensis Bonaterre, 1790	Langaha madagascariensis		MG	Madagascar		PRESENT		8483a1f0-1032-11db-ae00-b8a03c50a862	-18.797018	47.317922	781500.0										6NWZ9	6NWZ9	PRESERVED_SPECIMEN	UF	Herp	170845				CC_BY_NC_4_0					2026-09-15T18:31:13.920Z		INSTITUTION_MATCH_FUZZY;COLLECTION_MATCH_FUZZY
1324151982	832b8188-f762-11e1-a439-00145eb45e9a	D861031B-949A-4E16-8D6E-6D77BE7A97CF	Animalia	Chordata	Reptilia	Squamata	Pseudoxyrhophiidae	Langaha	Langaha madagascariensis		SPECIES	Langaha madagascariensis Bonaterre, 1790	Langaha madagascariensis		MG	Madagascar		PRESENT		8483a1f0-1032-11db-ae00-b8a03c50a862	-18.797018	47.317922	781500.0										6NWZ9	6NWZ9	PRESERVED_SPECIMEN	UF	Herp	170843				CC_BY_NC_4_0					2026-09-15T18:31:17.811Z		INSTITUTION_MATCH_FUZZY;COLLECTION_MATCH_FUZZY
1324151978	832b8188-f762-11e1-a439-00145eb45e9a	D1D493B8-2D42-4C4F-A8BA-CE4D23290BC8	Animalia	Chordata	Reptilia	Squamata	Pseudoxyrhophiidae	Langaha	Langaha madagascariensis		SPECIES	Langaha madagascariensis Bonaterre, 1790	Langaha madagascariensis		MG	Madagascar		PRESENT		8483a1f0-1032-11db-ae00-b8a03c50a862	-18.797018	47.317922	781500.0										6NWZ9	6NWZ9	PRESERVED_SPECIMEN	UF	Herp	170842				CC_BY_NC_4_0					2026-09-15T18:31:19.065Z		INSTITUTION_MATCH_FUZZY;COLLECTION_MATCH_FUZZY
1324151956	832b8188-f762-11e1-a439-00145eb45e9a	E993C425-822C-42A2-B722-3A506B8472C8	Animalia	Chordata	Reptilia	Squamata	Pseudoxyrhophiidae	Langaha	Langaha madagascariensis		SPECIES	Langaha madagascariensis Bonaterre, 1790	Langaha madagascariensis		MG	Madagascar		PRESENT		8483a1f0-1032-11db-ae00-b8a03c50a862	-18.797018	47.317922	781500.0										6NWZ9	6NWZ9	PRESERVED_SPECIMEN	UF	Herp	170846				CC_BY_NC_4_0					2026-09-15T18:31:14.540Z		INSTITUTION_MATCH_FUZZY;COLLECTION_MATCH_FUZZY
1324151718	832b8188-f762-11e1-a439-00145eb45e9a	FA86DCB9-9576-4ED6-9641-AF23B6442B8D	Animalia	Chordata	Reptilia	Squamata	Pseudoxyrhophiidae	Langaha	Langaha madagascariensis		SPECIES	Langaha madagascariensis Bonaterre, 1790	Langaha madagascariensis		MG	Madagascar		PRESENT		8483a1f0-1032-11db-ae00-b8a03c50a862	-18.797018	47.317922	781500.0										6NWZ9	6NWZ9	PRESERVED_SPECIMEN	UF	Herp	170560				CC_BY_NC_4_0					2026-09-15T18:31:18.243Z		INSTITUTION_MATCH_FUZZY;COLLECTION_MATCH_FUZZY
1324139551	832b8188-f762-11e1-a439-00145eb45e9a	2CDF565F-2186-45B6-A3F2-450BB6CF8378	Animalia	Chordata	Reptilia	Squamata	Pseudoxyrhophiidae	Langaha	Langaha madagascariensis		SPECIES	Langaha madagascariensis Bonaterre, 1790	Langaha madagascariensis		MG	Madagascar		PRESENT		8483a1f0-1032-11db-ae00-b8a03c50a862	-18.797018	47.317922	781500.0										6NWZ9	6NWZ9	PRESERVED_SPECIMEN	UF	Herp	157799				CC_BY_NC_4_0					2026-09-15T18:31:13.240Z		INSTITUTION_MATCH_FUZZY;COLLECTION_MATCH_FUZZY
1324123317	832b8188-f762-11e1-a439-00145eb45e9a	B8FF90FF-8A4D-4D59-A10E-577B41C7CACD	Animalia	Chordata	Reptilia	Squamata	Pseudoxyrhophiidae	Langaha	Langaha madagascariensis		SPECIES	Langaha madagascariensis Bonaterre, 1790	Langaha madagascariensis		MG	Madagascar		PRESENT		8483a1f0-1032-11db-ae00-b8a03c50a862	-18.797018	47.317922	781500.0										6NWZ9	6NWZ9	PRESERVED_SPECIMEN	UF	Herp	140824				CC_BY_NC_4_0		Krysko, Kenneth			2026-09-15T18:31:16.648Z		INSTITUTION_MATCH_FUZZY;COLLECTION_MATCH_FUZZY
1132413795	50c9509d-22c7-4a22-a47d-8c48425ef4a7	http://www.inaturalist.org/observations/1795134	Animalia	Chordata	Reptilia	Squamata	Pseudoxyrhophiidae	Langaha	Langaha madagascariensis		SPECIES	Langaha madagascariensis Bonaterre, 1790	Langaha madagascariensis		MG		Mahajanga	PRESENT		28eb1a3f-1c15-4a95-931a-4af90ecb574d	-14.990514	47.23413							2015-04-21	21	4	2015	6NWZ9	6NWZ9	HUMAN_OBSERVATION	iNaturalist	Observations	1795134		Paul Freed	2015-07-25T14:17:16	CC_BY_NC_4_0	vinita66	vinita66			2026-09-11T05:07:41.558Z	StillImage	CONTINENT_DERIVED_FROM_COORDINATES;TAXON_ID_NOT_FOUND
1061380862	8935e64a-f762-11e1-a439-00145eb45e9a	https://arctos.database.museum/guid/UCM:Herp:57807	Animalia	Chordata	Reptilia	Squamata	Pseudoxyrhophiidae	Langaha	Langaha madagascariensis		SPECIES	Langaha madagascariensis Bonaterre, 1790	Langaha madagascariensis		MG	No specific locality recorded.		PRESENT		4cadac10-3e7b-11d9-8439-b8a03c50a862									1996-01-01/1996-12-31			1996	6NWZ9	6NWZ9	PRESERVED_SPECIMEN	UCM	Herpetology	UCM:Herp:57807		Vern Veer		CC0_1_0		Collector(s): Vern Veer			2026-09-05T01:11:37.736Z		CONTINENT_DERIVED_FROM_COUNTRY;INSTITUTION_MATCH_FUZZY;INSTITUTION_COLLECTION_MISMATCH
1058384306	71d0dff0-f762-11e1-a439-00145eb45e9a	urn:catalog:AMNH:Herpetology:R-160121	Animalia	Chordata	Reptilia	Squamata	Pseudoxyrhophiidae	Langaha	Langaha madagascariensis		SPECIES	Langaha madagascariensis Bonaterre, 1790	Langaha madagascariensis		MG		Toamasina	PRESENT		ccd1ddc0-6c21-11de-8224-b8a03c50a862													6NWZ9	6NWZ9	PRESERVED_SPECIMEN	AMNH	Herpetology	R-160121				CC0_1_0				native	2026-07-18T21:25:03.396Z		
1042819628	50c9509d-22c7-4a22-a47d-8c48425ef4a7	http://www.inaturalist.org/observations/1073302	Animalia	Chordata	Reptilia	Squamata	Pseudoxyrhophiidae	Langaha	Langaha madagascariensis		SPECIES	Langaha madagascariensis Bonaterre, 1790	Langaha madagascariensis		MG		Antsiranana	PRESENT		28eb1a3f-1c15-4a95-931a-4af90ecb574d	-12.643468	49.199438	12240.0						2001-01-24	24	1	2001	6NWZ9	6NWZ9	HUMAN_OBSERVATION	iNaturalist	Observations	1073302		Paul Freed	2014-11-14T18:04:59	CC_BY_4_0	Paul Freed	Paul Freed			2026-09-11T05:24:24.365Z		CONTINENT_DERIVED_FROM_COORDINATES;TAXON_ID_NOT_FOUND
1019663096	217b0d4f-c87e-4063-b6c5-78277e40e866	http://coldb.mnhn.fr/catalognumber/mnhn/ra/1906.300	Animalia	Chordata	Reptilia	Squamata	Pseudoxyrhophiidae	Langaha	Langaha madagascariensis		SPECIES	Langaha nasuta Shaw, 1802	Langaha nasuta Shaw, 1790	Shaw, 1790	MG	Sans localité précise		PRESENT		2cd829bb-b713-433d-99cf-64bef11e5b3e													6NWYS	6NWZ9	PRESERVED_SPECIMEN	MNHN	RA	1906.300		Catalogue		CC_BY_4_0		Mathiau, Alexandre			2026-09-01T22:24:53.327Z		INSTITUTION_MATCH_FUZZY
1019662480	217b0d4f-c87e-4063-b6c5-78277e40e866	http://coldb.mnhn.fr/catalognumber/mnhn/ra/1905.275	Animalia	Chordata	Reptilia	Squamata	Pseudoxyrhophiidae	Langaha	Langaha madagascariensis		SPECIES	Langaha nasuta Shaw, 1802	Langaha nasuta Shaw, 1790	Shaw, 1790	MG	Sans localité précise		PRESENT		2cd829bb-b713-433d-99cf-64bef11e5b3e													6NWYS	6NWZ9	PRESERVED_SPECIMEN	MNHN	RA	1905.275		Catalogue		CC_BY_4_0					2026-09-01T22:24:53.261Z		INSTITUTION_MATCH_FUZZY
1019662175	217b0d4f-c87e-4063-b6c5-78277e40e866	http://coldb.mnhn.fr/catalognumber/mnhn/ra/1904.615	Animalia	Chordata	Reptilia	Squamata	Pseudoxyrhophiidae	Langaha	Langaha alluaudi		SPECIES	Langaha alluaudi Mocquard, 1901	Langaha alluaudi Mocquard, 1901	Mocquard, 1901	MG	Fort Dauphin		PRESENT		2cd829bb-b713-433d-99cf-64bef11e5b3e									1904-08-11	11	8	1904	6NWYV	6NWYV	PRESERVED_SPECIMEN	MNHN	RA	1904.615		Catalogue		CC_BY_4_0					2026-09-01T22:24:53.226Z		INSTITUTION_MATCH_FUZZY
1019660747	217b0d4f-c87e-4063-b6c5-78277e40e866	http://coldb.mnhn.fr/catalognumber/mnhn/ra/1901.393	Animalia	Chordata	Reptilia	Squamata	Pseudoxyrhophiidae	Langaha	Langaha alluaudi		SPECIES	Langaha alluaudi Mocquard, 1901	Langaha alluaudi Mocquard, 1901	Mocquard, 1901	MG	dans la brousse épineuse près de Behara	Sud de Madagascar	PRESENT		2cd829bb-b713-433d-99cf-64bef11e5b3e									1901-06-29	29	6	1901	6NWYV	6NWYV	PRESERVED_SPECIMEN	MNHN	RA	1901.393		Catalogue		CC_BY_4_0		Decorse, Jacques			2026-09-01T22:24:53.167Z		CONTINENT_DERIVED_FROM_COUNTRY;INSTITUTION_MATCH_FUZZY
1019660475	217b0d4f-c87e-4063-b6c5-78277e40e866	http://coldb.mnhn.fr/catalognumber/mnhn/ra/1901.193	Animalia	Chordata	Reptilia	Squamata	Pseudoxyrhophiidae	Langaha	Langaha alluaudi		SPECIES	Langaha alluaudi Mocquard, 1901	Langaha alluaudi Mocquard, 1901	Mocquard, 1901	MG	Andrahomana	Fort Dauphin	PRESENT		2cd829bb-b713-433d-99cf-64bef11e5b3e									1901-04-18	18	4	1901	6NWYV	6NWYV	PRESERVED_SPECIMEN	MNHN	RA	1901.193		Catalogue		CC_BY_4_0		Alluaud, Charles			2026-09-01T22:24:57.613Z		CONTINENT_DERIVED_FROM_COUNTRY;INSTITUTION_MATCH_FUZZY
1019659494	217b0d4f-c87e-4063-b6c5-78277e40e866	http://coldb.mnhn.fr/catalognumber/mnhn/ra/1899.141	Animalia	Chordata	Reptilia	Squamata	Pseudoxyrhophiidae	Langaha	Langaha madagascariensis		SPECIES	Langaha nasuta Shaw, 1802	Langaha nasuta Shaw, 1790	Shaw, 1790	MG	Sans localité précise		PRESENT		2cd829bb-b713-433d-99cf-64bef11e5b3e									1899-03-30	30	3	1899	6NWYS	6NWZ9	PRESERVED_SPECIMEN	MNHN	RA	1899.141		Catalogue		CC_BY_4_0					2026-09-01T22:24:53.052Z		INSTITUTION_MATCH_FUZZY
1019657979	217b0d4f-c87e-4063-b6c5-78277e40e866	http://coldb.mnhn.fr/catalognumber/mnhn/ra/1895.225	Animalia	Chordata	Reptilia	Squamata	Pseudoxyrhophiidae	Langaha	Langaha madagascariensis		SPECIES	Langaha nasuta Shaw, 1802	Langaha nasuta Shaw, 1790	Shaw, 1790	MG	Sans localité précise		PRESENT		2cd829bb-b713-433d-99cf-64bef11e5b3e									1880-01-01	1	1	1880	6NWYS	6NWZ9	PRESERVED_SPECIMEN	MNHN	RA	1895.225		Catalogue		CC_BY_4_0		Grandidier, Alfred & Humblot, Léon			2026-09-01T22:24:52.928Z		INSTITUTION_MATCH_FUZZY
1019657950	217b0d4f-c87e-4063-b6c5-78277e40e866	http://coldb.mnhn.fr/catalognumber/mnhn/ra/1895.224	Animalia	Chordata	Reptilia	Squamata	Pseudoxyrhophiidae	Langaha	Langaha madagascariensis		SPECIES	Langaha nasuta Shaw, 1802	Langaha nasuta Shaw, 1790	Shaw, 1790	MG	Sans localité précise		PRESENT		2cd829bb-b713-433d-99cf-64bef11e5b3e									1880-01-01	1	1	1880	6NWYS	6NWZ9	PRESERVED_SPECIMEN	MNHN	RA	1895.224		Catalogue		CC_BY_4_0		Grandidier, Alfred & Humblot, Léon			2026-09-01T22:24:52.926Z		INSTITUTION_MATCH_FUZZY
1019657871	217b0d4f-c87e-4063-b6c5-78277e40e866	http://coldb.mnhn.fr/catalognumber/mnhn/ra/1895.227	Animalia	Chordata	Reptilia	Squamata	Pseudoxyrhophiidae	Langaha	Langaha madagascariensis		SPECIES	Langaha nasuta Shaw, 1802	Langaha nasuta Shaw, 1790	Shaw, 1790	MG		Côte Ouest	PRESENT		2cd829bb-b713-433d-99cf-64bef11e5b3e													6NWYS	6NWZ9	PRESERVED_SPECIMEN	MNHN	RA	1895.227		Catalogue		CC_BY_4_0					2026-09-01T22:24:52.943Z		INSTITUTION_MATCH_FUZZY
1019655379	217b0d4f-c87e-4063-b6c5-78277e40e866	http://coldb.mnhn.fr/catalognumber/mnhn/ra/1887.259	Animalia	Chordata	Reptilia	Squamata	Pseudoxyrhophiidae	Langaha	Langaha madagascariensis		SPECIES	Langaha nasuta Shaw, 1802	Langaha nasuta Shaw, 1790	Shaw, 1790	MG	Nossi-Bé		PRESENT		2cd829bb-b713-433d-99cf-64bef11e5b3e									1887-11-29	29	11	1887	6NWYS	6NWZ9	PRESERVED_SPECIMEN	MNHN	RA	1887.259		Catalogue		CC_BY_4_0		Deyrolle, Henri			2026-09-01T22:24:57.294Z		INSTITUTION_MATCH_FUZZY
1019653079	217b0d4f-c87e-4063-b6c5-78277e40e866	http://coldb.mnhn.fr/catalognumber/mnhn/ra/1869.74	Animalia	Chordata	Reptilia	Squamata	Pseudoxyrhophiidae	Langaha	Langaha madagascariensis		SPECIES	Langaha nasuta Shaw, 1802	Langaha nasuta Shaw, 1790	Shaw, 1790	MG	Sans localité précise	Vohemar	PRESENT		2cd829bb-b713-433d-99cf-64bef11e5b3e									1869-03-31	31	3	1869	6NWYS	6NWZ9	PRESERVED_SPECIMEN	MNHN	RA	1869.74		Catalogue		CC_BY_4_0					2026-09-01T22:24:52.208Z		INSTITUTION_MATCH_FUZZY
891096754	50c9509d-22c7-4a22-a47d-8c48425ef4a7	http://www.inaturalist.org/observations/121572	Animalia	Chordata	Reptilia	Squamata	Pseudoxyrhophiidae	Langaha	Langaha madagascariensis		SPECIES	Langaha madagascariensis Bonaterre, 1790	Langaha madagascariensis		MG		Antsiranana	PRESENT		28eb1a3f-1c15-4a95-931a-4af90ecb574d	-11.95	49.25	33973.0						2007-09-19	19	9	2007	6NWZ9	6NWZ9	HUMAN_OBSERVATION	iNaturalist	Observations	121572		Amrita Neelakantan	2012-09-11T15:37:01	CC_BY_NC_4_0	Amrita Neelakantan	Amrita Neelakantan			2026-09-11T05:25:27.929Z	StillImage	CONTINENT_DERIVED_FROM_COORDINATES;TAXON_ID_NOT_FOUND
728352350	cece4fc2-1fec-4bb5-a335-7252548e3f0b	urn:catalog:CAS:HERP:250954	Animalia	Chordata	Reptilia	Squamata	Pseudoxyrhophiidae	Langaha	Langaha madagascariensis		SPECIES	Langaha madagascariensis Bonaterre, 1790	Langaha madagascariensis		MG			PRESENT		66522820-055c-11d8-b84e-b8a03c50a862	-18.863922	47.362242							2006			2006	6NWZ9	6NWZ9	PRESERVED_SPECIMEN	CAS	HERP	250954	JEC-14973	J.E. Cadle	2006-01-01T00:00:00	CC0_1_0					2026-09-14T11:36:52.826Z		COORDINATE_ROUNDED;CONTINENT_DERIVED_FROM_COORDINATES
668686661	e48d6c49-34a3-4df6-8206-121c061f190d	3d823f3b-4604-4d28-8c8d-704d107df5d0	Animalia	Chordata	Reptilia	Squamata	Pseudoxyrhophiidae	Langaha	Langaha madagascariensis		SPECIES	Langaha madagascariensis Bonaterre, 1790	Langaha madagascariensis					PRESENT		7b8aff00-a9f8-11d8-944b-b8a03c50a862													6NWZ9	6NWZ9	PRESERVED_SPECIMEN	FMNH	Amphibians and Reptiles	261360				CC0_1_0	The Field Museum of Natural History				2026-09-10T19:12:41.174Z		
668624220	e48d6c49-34a3-4df6-8206-121c061f190d	900b6c8e-35cc-484e-9251-23ff41ce1c33	Animalia	Chordata	Reptilia	Squamata	Pseudoxyrhophiidae	Langaha	Langaha madagascariensis		SPECIES	Langaha madagascariensis Bonaterre, 1790	Langaha madagascariensis		MG			PRESENT		7b8aff00-a9f8-11d8-944b-b8a03c50a862													6NWZ9	6NWZ9	PRESERVED_SPECIMEN	FMNH	Amphibians and Reptiles	60892				CC0_1_0	The Field Museum of Natural History	A. Stumpff			2026-09-10T19:12:40.181Z		
609582615	8d88898d-a2c4-4616-a1fe-431b9c06b671	urn:catalog:UTA:UTA-R:54008	Animalia	Chordata	Reptilia	Squamata	Pseudoxyrhophiidae	Langaha	Langaha madagascariensis		SPECIES	Langaha madagascariensis Bonaterre, 1790	Langaha madagascariensis		MG			PRESENT		d003dd60-94fa-11da-a99f-b8a03c50a862													6NWZ9	6NWZ9	PRESERVED_SPECIMEN	UTA	UTA-R	54008				CC0_1_0	http://creativecommons.org/publicdomain/zero/1.0	Carl J. Franklin, collector no.: CJF 3637			2026-09-01T17:56:50.230Z		COLLECTION_MATCH_NONE;INSTITUTION_MATCH_FUZZY
609565716	8d88898d-a2c4-4616-a1fe-431b9c06b671	urn:catalog:UTA:UTA-R:35923	Animalia	Chordata	Reptilia	Squamata	Pseudoxyrhophiidae	Langaha	Langaha madagascariensis		SPECIES	Langaha nasuta Shaw, 1802	Langaha nasuta		MG	No specific locality		PRESENT		d003dd60-94fa-11da-a99f-b8a03c50a862													6NWYS	6NWZ9	PRESERVED_SPECIMEN	UTA	UTA-R	35923				CC0_1_0	http://creativecommons.org/publicdomain/zero/1.0				2026-09-01T17:56:43.478Z		COLLECTION_MATCH_NONE;INSTITUTION_MATCH_FUZZY
609565715	8d88898d-a2c4-4616-a1fe-431b9c06b671	urn:catalog:UTA:UTA-R:35922	Animalia	Chordata	Reptilia	Squamata	Pseudoxyrhophiidae	Langaha	Langaha madagascariensis		SPECIES	Langaha nasuta Shaw, 1802	Langaha nasuta		MG	No specific locality		PRESENT		d003dd60-94fa-11da-a99f-b8a03c50a862													6NWYS	6NWZ9	PRESERVED_SPECIMEN	UTA	UTA-R	35922				CC0_1_0	http://creativecommons.org/publicdomain/zero/1.0				2026-09-01T17:56:43.477Z		COLLECTION_MATCH_NONE;INSTITUTION_MATCH_FUZZY
609565714	8d88898d-a2c4-4616-a1fe-431b9c06b671	urn:catalog:UTA:UTA-R:35921	Animalia	Chordata	Reptilia	Squamata	Pseudoxyrhophiidae	Langaha	Langaha madagascariensis		SPECIES	Langaha nasuta Shaw, 1802	Langaha nasuta		MG	No specific locality		PRESENT		d003dd60-94fa-11da-a99f-b8a03c50a862													6NWYS	6NWZ9	PRESERVED_SPECIMEN	UTA	UTA-R	35921				CC0_1_0	http://creativecommons.org/publicdomain/zero/1.0				2026-09-01T17:56:43.838Z		COLLECTION_MATCH_NONE;INSTITUTION_MATCH_FUZZY
609565713	8d88898d-a2c4-4616-a1fe-431b9c06b671	urn:catalog:UTA:UTA-R:35920	Animalia	Chordata	Reptilia	Squamata	Pseudoxyrhophiidae	Langaha	Langaha madagascariensis		SPECIES	Langaha nasuta Shaw, 1802	Langaha nasuta		MG	No specific locality		PRESENT		d003dd60-94fa-11da-a99f-b8a03c50a862													6NWYS	6NWZ9	PRESERVED_SPECIMEN	UTA	UTA-R	35920				CC0_1_0	http://creativecommons.org/publicdomain/zero/1.0				2026-09-01T17:56:43.837Z		COLLECTION_MATCH_NONE;INSTITUTION_MATCH_FUZZY
543608134	cece4fc2-1fec-4bb5-a335-7252548e3f0b	urn:catalog:CAS:HERP:250285	Animalia	Chordata	Reptilia	Squamata	Pseudoxyrhophiidae	Langaha	Langaha madagascariensis		SPECIES	Langaha madagascariensis Bonaterre, 1790	Langaha madagascariensis		MG	Fivondronana Vangaindrano, 5 km (by air) NE of the village of Amparihy Est, 23 56 18.24 S, 47 21 53.52 E	Fianarantsoa Prov.	PRESENT		66522820-055c-11d8-b84e-b8a03c50a862	-23.9384	47.364867			100.0				2004-01-12	12	1	2004	6NWZ9	6NWZ9	PRESERVED_SPECIMEN	CAS	HERP	250285	JEC-15700	J.E. Cadle	2004-01-12T00:00:00	CC0_1_0		J.E. Cadle			2026-09-14T11:36:46.013Z		COORDINATE_ROUNDED;CONTINENT_DERIVED_FROM_COORDINATES
476674999	4bfac3ea-8763-4f4b-a71a-76a6f5f243d3	MCZ:Herp:R-18017	Animalia	Chordata	Reptilia	Squamata	Pseudoxyrhophiidae	Langaha	Langaha madagascariensis		SPECIES	Langaha madagascariensis Bonaterre, 1790	Langaha madagascariensis Bonnaterre, 1790	Bonnaterre, 1790	MG	[no specific locality data]		PRESENT	1	b4640710-8e03-11d8-b956-b8a03c50a862	-19.25495	48.23047	825839.0	1.0E-5									6NWZ9	6NWZ9	PRESERVED_SPECIMEN	MCZ	Herp	R-18017		Catalog		CC_BY_NC_4_0	President and Fellows of Harvard College	National Museum of Natural History, Paris			2026-09-04T11:58:38.091Z		INSTITUTION_MATCH_FUZZY;COLLECTION_MATCH_FUZZY
476669965	4bfac3ea-8763-4f4b-a71a-76a6f5f243d3	MCZ:Herp:R-33515	Animalia	Chordata	Reptilia	Squamata	Pseudoxyrhophiidae	Langaha	Langaha madagascariensis		SPECIES	Langaha crista-galli Duméril & Bibron, 1854	Langaha cristagalli		MG	Nossi Be		PRESENT	1	b4640710-8e03-11d8-b956-b8a03c50a862	-13.34764	48.26058	17562.0	1.0E-5									6NWZ7	6NWZ9	PRESERVED_SPECIMEN	MCZ	Herp	R-33515		Catalog		CC_BY_NC_4_0	President and Fellows of Harvard College	A. Stumpff			2026-09-04T11:58:37.231Z		RECORDED_DATE_MISMATCH;INSTITUTION_MATCH_FUZZY;COLLECTION_MATCH_FUZZY;TAXON_MATCH_FUZZY
476499815	4bfac3ea-8763-4f4b-a71a-76a6f5f243d3	MCZ:Herp:R-180298	Animalia	Chordata	Reptilia	Squamata	Pseudoxyrhophiidae	Langaha	Langaha madagascariensis		SPECIES	Langaha nasuta Shaw, 1802	Langaha nasuta		MG	Madagascar,Prov Fianarantsoa Fivondronana Ifanadiana,13.6k  S. Ifanadiana (by road to Tolongoina)	Vatovavy-Fitovinany	PRESENT	1	b4640710-8e03-11d8-b956-b8a03c50a862	-21.39853	47.60109	1907.0	1.0E-5					1993-03-20	20	3	1993	6NWYS	6NWZ9	PRESERVED_SPECIMEN	MCZ	Herp	R-180298	JEC 12721	Catalog		CC_BY_NC_4_0	President and Fellows of Harvard College	Dan Turk			2026-09-04T11:58:35.376Z		INSTITUTION_MATCH_FUZZY;COLLECTION_MATCH_FUZZY
466156495	71d0dff0-f762-11e1-a439-00145eb45e9a	urn:catalog:AMNH:Herpetology:R-153274	Animalia	Chordata	Reptilia	Squamata	Pseudoxyrhophiidae	Langaha	Langaha madagascariensis		SPECIES	Langaha madagascariensis Bonaterre, 1790	Langaha madagascariensis		MG		Antsiranana	PRESENT		ccd1ddc0-6c21-11de-8224-b8a03c50a862													6NWZ9	6NWZ9	PRESERVED_SPECIMEN	AMNH	Herpetology	R-153274				CC0_1_0				native	2026-07-18T21:25:01.730Z		
466156034	71d0dff0-f762-11e1-a439-00145eb45e9a	urn:catalog:AMNH:Herpetology:R-75313	Animalia	Chordata	Reptilia	Squamata	Pseudoxyrhophiidae	Langaha	Langaha madagascariensis		SPECIES	Langaha intermedia Boulenger, 1888	Langaha intermedia		MG			PRESENT		ccd1ddc0-6c21-11de-8224-b8a03c50a862													6NWYX	6NWZ9	PRESERVED_SPECIMEN	AMNH	Herpetology	R-75313				CC0_1_0				native	2026-07-18T21:25:03.251Z		
462392741	8c834f97-c5df-4280-9623-86594979f91a	f982ea36-22f6-4c24-a49e-993c6ad688f6	Animalia	Chordata	Reptilia	Squamata	Pseudoxyrhophiidae	Langaha	Langaha madagascariensis		SPECIES	Langaha madagascariensis Bonaterre, 1790			MG	Madagascar		PRESENT		2e7df380-8356-4533-bcb3-5459e23c794e													6NWZ9	6NWZ9	PRESERVED_SPECIMEN	NHMD	HP	NHMD001947572				CC_BY_4_0		Naturaliehandler			2026-09-11T10:01:27.654Z		
440167010	217b0d4f-c87e-4063-b6c5-78277e40e866	http://coldb.mnhn.fr/catalognumber/mnhn/ra/1978.2919	Animalia	Chordata	Reptilia	Squamata	Pseudoxyrhophiidae	Langaha	Langaha alluaudi		SPECIES	Langaha alluaudi Mocquard, 1901	Langaha alluaudi Mocquard, 1901	Mocquard, 1901	MG	Andosakoa, Ihotry		PRESENT		2cd829bb-b713-433d-99cf-64bef11e5b3e									1971-08-25	25	8	1971	6NWYV	6NWYV	PRESERVED_SPECIMEN	MNHN	RA	1978.2919		Domergue, Charles Antoine		CC_BY_4_0		Domergue, Charles Antoine			2026-09-01T22:24:59.629Z		CONTINENT_DERIVED_FROM_COUNTRY;INSTITUTION_MATCH_FUZZY
440165186	217b0d4f-c87e-4063-b6c5-78277e40e866	http://coldb.mnhn.fr/catalognumber/mnhn/ra/1988.336	Animalia	Chordata	Reptilia	Squamata	Pseudoxyrhophiidae	Langaha	Langaha madagascariensis		SPECIES	Langaha nasuta Shaw, 1802	Langaha nasuta Shaw, 1790	Shaw, 1790	MG	Ampijoroa		PRESENT		2cd829bb-b713-433d-99cf-64bef11e5b3e									1979-04-01	1	4	1979	6NWYS	6NWZ9	PRESERVED_SPECIMEN	MNHN	RA	1988.336		Catalogue		CC_BY_4_0		Domergue, Charles Antoine			2026-09-01T22:24:59.711Z		INSTITUTION_MATCH_FUZZY
440164476	217b0d4f-c87e-4063-b6c5-78277e40e866	http://coldb.mnhn.fr/catalognumber/mnhn/ra/1989.2958	Animalia	Chordata	Reptilia	Squamata	Pseudoxyrhophiidae	Langaha	Langaha madagascariensis		SPECIES	Langaha nasuta Shaw, 1802	Langaha nasuta Shaw, 1790	Shaw, 1790	MG	Sans localité précise		PRESENT		2cd829bb-b713-433d-99cf-64bef11e5b3e									1967-01-01	1	1	1967	6NWYS	6NWZ9	PRESERVED_SPECIMEN	MNHN	RA	1989.2958		Domergue, Charles Antoine		CC_BY_4_0		Domergue, Charles Antoine			2026-09-01T22:24:57.178Z		INSTITUTION_MATCH_FUZZY
440162641	217b0d4f-c87e-4063-b6c5-78277e40e866	http://coldb.mnhn.fr/catalognumber/mnhn/ra/1986.1389	Animalia	Chordata	Reptilia	Squamata	Pseudoxyrhophiidae	Langaha	Langaha madagascariensis		SPECIES	Langaha nasuta Shaw, 1802	Langaha nasuta Shaw, 1790	Shaw, 1790	MG	Plateau de Berhana (Bemanevika)		PRESENT		2cd829bb-b713-433d-99cf-64bef11e5b3e									1973-01-01	1	1	1973	6NWYS	6NWZ9	PRESERVED_SPECIMEN	MNHN	RA	1986.1389				CC_BY_4_0		Peyriéras, André			2026-09-01T22:24:59.812Z		INSTITUTION_MATCH_FUZZY
440148968	217b0d4f-c87e-4063-b6c5-78277e40e866	http://coldb.mnhn.fr/catalognumber/mnhn/ra/1955.34	Animalia	Chordata	Reptilia	Squamata	Pseudoxyrhophiidae	Langaha	Langaha madagascariensis		SPECIES	Langaha nasuta Shaw, 1802	Langaha nasuta Shaw, 1790	Shaw, 1790	MG	Institut scientifique de Madagascar		PRESENT		2cd829bb-b713-433d-99cf-64bef11e5b3e													6NWYS	6NWZ9	PRESERVED_SPECIMEN	MNHN	RA	1955.34		Catalogue		CC_BY_4_0					2026-09-01T22:25:00.546Z		CONTINENT_DERIVED_FROM_COUNTRY;INSTITUTION_MATCH_FUZZY
440148198	217b0d4f-c87e-4063-b6c5-78277e40e866	http://coldb.mnhn.fr/catalognumber/mnhn/ra/1978.1422	Animalia	Chordata	Reptilia	Squamata	Pseudoxyrhophiidae	Langaha	Langaha alluaudi		SPECIES	Langaha alluaudi Mocquard, 1901	Langaha alluaudi Mocquard, 1901	Mocquard, 1901	MG	PK 25 RN9 ; Nord de Tuléar		PRESENT		2cd829bb-b713-433d-99cf-64bef11e5b3e									1965-10-01	1	10	1965	6NWYV	6NWYV	PRESERVED_SPECIMEN	MNHN	RA	1978.1422		Domergue, Charles Antoine		CC_BY_4_0		Domergue, Charles Antoine			2026-09-01T22:24:57.044Z		CONTINENT_DERIVED_FROM_COUNTRY;INSTITUTION_MATCH_FUZZY
440148197	217b0d4f-c87e-4063-b6c5-78277e40e866	http://coldb.mnhn.fr/catalognumber/mnhn/ra/1978.1420	Animalia	Chordata	Reptilia	Squamata	Pseudoxyrhophiidae	Langaha	Langaha madagascariensis		SPECIES	Langaha nasuta Shaw, 1802	Langaha nasuta Shaw, 1790	Shaw, 1790	MG	Région de Vohemar		PRESENT		2cd829bb-b713-433d-99cf-64bef11e5b3e									1967-11-28	28	11	1967	6NWYS	6NWZ9	PRESERVED_SPECIMEN	MNHN	RA	1978.1420		Domergue, Charles Antoine		CC_BY_4_0		Capuron, René Paul Raymond			2026-09-01T22:24:59.622Z		CONTINENT_DERIVED_FROM_COUNTRY;INSTITUTION_MATCH_FUZZY
440147027	217b0d4f-c87e-4063-b6c5-78277e40e866	http://coldb.mnhn.fr/catalognumber/mnhn/ra/1978.32	Animalia	Chordata	Reptilia	Squamata	Pseudoxyrhophiidae	Langaha	Langaha madagascariensis		SPECIES	Langaha nasuta Shaw, 1802	Langaha nasuta Shaw, 1790	Shaw, 1790	MG	Fènérive		PRESENT		2cd829bb-b713-433d-99cf-64bef11e5b3e									1962-06-12	12	6	1962	6NWYS	6NWZ9	PRESERVED_SPECIMEN	MNHN	RA	1978.32		Domergue, Charles Antoine		CC_BY_4_0		Domergue, Charles Antoine			2026-09-01T22:24:59.389Z		CONTINENT_DERIVED_FROM_COUNTRY;INSTITUTION_MATCH_FUZZY
440146700	217b0d4f-c87e-4063-b6c5-78277e40e866	http://coldb.mnhn.fr/catalognumber/mnhn/ra/1989.2806	Animalia	Chordata	Reptilia	Squamata	Pseudoxyrhophiidae	Langaha	Langaha madagascariensis		SPECIES	Langaha nasuta Shaw, 1802	Langaha nasuta Shaw, 1790	Shaw, 1790	MG	Réserve Sud-Ouest Bekafaka-Mi Kieguder		PRESENT		2cd829bb-b713-433d-99cf-64bef11e5b3e									1959-08-13	13	8	1959	6NWYS	6NWZ9	PRESERVED_SPECIMEN	MNHN	RA	1989.2806		Domergue, Charles Antoine		CC_BY_4_0		Domergue, Charles Antoine			2026-09-01T22:24:57.126Z		CONTINENT_DERIVED_FROM_COUNTRY;INSTITUTION_MATCH_FUZZY
440129667	217b0d4f-c87e-4063-b6c5-78277e40e866	http://coldb.mnhn.fr/catalognumber/mnhn/ra/1978.1421	Animalia	Chordata	Reptilia	Squamata	Pseudoxyrhophiidae	Langaha	Langaha madagascariensis		SPECIES	Langaha nasuta Shaw, 1802	Langaha nasuta Shaw, 1790	Shaw, 1790	MG	Sans localité précise		PRESENT		2cd829bb-b713-433d-99cf-64bef11e5b3e									1978-04-28	28	4	1978	6NWYS	6NWZ9	PRESERVED_SPECIMEN	MNHN	RA	1978.1421		Domergue, Charles Antoine		CC_BY_4_0		Rodhain et Peyrieras : 10/11/1968			2026-09-01T22:24:56.857Z		INSTITUTION_MATCH_FUZZY
440127195	217b0d4f-c87e-4063-b6c5-78277e40e866	http://coldb.mnhn.fr/catalognumber/mnhn/ra/1989.2956	Animalia	Chordata	Reptilia	Squamata	Pseudoxyrhophiidae	Langaha	Langaha madagascariensis		SPECIES	Langaha nasuta Shaw, 1802	Langaha nasuta Shaw, 1790	Shaw, 1790	MG	Sans localité précise		PRESENT		2cd829bb-b713-433d-99cf-64bef11e5b3e													6NWYS	6NWZ9	PRESERVED_SPECIMEN	MNHN	RA	1989.2956		Domergue, Charles Antoine		CC_BY_4_0		Domergue, Charles Antoine			2026-09-01T22:24:59.212Z		INSTITUTION_MATCH_FUZZY
440126648	217b0d4f-c87e-4063-b6c5-78277e40e866	http://coldb.mnhn.fr/catalognumber/mnhn/ra/1989.2858	Animalia	Chordata	Reptilia	Squamata	Pseudoxyrhophiidae	Langaha	Langaha madagascariensis		SPECIES	Langaha nasuta Shaw, 1802	Langaha nasuta Shaw, 1790	Shaw, 1790	MG	sans localité, I.R.S.M.		PRESENT		2cd829bb-b713-433d-99cf-64bef11e5b3e									1960-03-01	1	3	1960	6NWYS	6NWZ9	PRESERVED_SPECIMEN	MNHN	RA	1989.2858		Domergue, Charles Antoine		CC_BY_4_0		Domergue, Charles Antoine			2026-09-01T22:24:56.830Z		CONTINENT_DERIVED_FROM_COUNTRY;INSTITUTION_MATCH_FUZZY
440126408	217b0d4f-c87e-4063-b6c5-78277e40e866	http://coldb.mnhn.fr/catalognumber/mnhn/ra/1989.3208	Animalia	Chordata	Reptilia	Squamata	Pseudoxyrhophiidae	Langaha	Langaha madagascariensis		SPECIES	Langaha nasuta Shaw, 1802	Langaha nasuta Shaw, 1790	Shaw, 1790	ZZ	Sans localité		PRESENT		2cd829bb-b713-433d-99cf-64bef11e5b3e													6NWYS	6NWZ9	PRESERVED_SPECIMEN	MNHN	RA	1989.3208		Domergue, Charles Antoine		CC_BY_4_0		Domergue, Charles Antoine			2026-09-01T22:24:59.208Z		INSTITUTION_MATCH_FUZZY
440113108	217b0d4f-c87e-4063-b6c5-78277e40e866	http://coldb.mnhn.fr/catalognumber/mnhn/ra/0.1709	Animalia	Chordata	Reptilia	Squamata	Pseudoxyrhophiidae	Langaha	Langaha madagascariensis		SPECIES	Langaha nasuta Shaw, 1802	Langaha nasuta Shaw, 1790	Shaw, 1790	MG	Sans localité précise		PRESENT		2cd829bb-b713-433d-99cf-64bef11e5b3e													6NWYS	6NWZ9	PRESERVED_SPECIMEN	MNHN	RA	0.1709				CC_BY_4_0					2026-09-01T22:24:59.160Z		INSTITUTION_MATCH_FUZZY
440112346	217b0d4f-c87e-4063-b6c5-78277e40e866	http://coldb.mnhn.fr/catalognumber/mnhn/ra/1950.181	Animalia	Chordata	Reptilia	Squamata	Pseudoxyrhophiidae	Langaha	Langaha madagascariensis		SPECIES	Langaha nasuta Shaw, 1802	Langaha nasuta Shaw, 1790	Shaw, 1790	MG	Ambatomainty		PRESENT		2cd829bb-b713-433d-99cf-64bef11e5b3e													6NWYS	6NWZ9	PRESERVED_SPECIMEN	MNHN	RA	1950.181		Catalogue		CC_BY_4_0					2026-09-01T22:24:58.937Z		INSTITUTION_MATCH_FUZZY
440112345	217b0d4f-c87e-4063-b6c5-78277e40e866	http://coldb.mnhn.fr/catalognumber/mnhn/ra/1950.177	Animalia	Chordata	Reptilia	Squamata	Pseudoxyrhophiidae	Langaha	Langaha madagascariensis		SPECIES	Langaha nasuta Shaw, 1802	Langaha nasuta Shaw, 1790	Shaw, 1790	MG	Vallée de la Tsiribihina	Ouest de Madagascar	PRESENT		2cd829bb-b713-433d-99cf-64bef11e5b3e													6NWYS	6NWZ9	PRESERVED_SPECIMEN	MNHN	RA	1950.177		Catalogue		CC_BY_4_0		Segard, Dr			2026-09-01T22:24:59.019Z		INSTITUTION_MATCH_FUZZY
440109790	217b0d4f-c87e-4063-b6c5-78277e40e866	http://coldb.mnhn.fr/catalognumber/mnhn/ra/1978.31	Animalia	Chordata	Reptilia	Squamata	Pseudoxyrhophiidae	Langaha	Langaha alluaudi		SPECIES	Langaha alluaudi Mocquard, 1901	Langaha alluaudi Mocquard, 1901	Mocquard, 1901	MG	Sakamasy		PRESENT		2cd829bb-b713-433d-99cf-64bef11e5b3e									1962-05-07	7	5	1962	6NWYV	6NWYV	PRESERVED_SPECIMEN	MNHN	RA	1978.31		Domergue, Charles Antoine		CC_BY_4_0		Domergue, Charles Antoine			2026-09-01T22:24:56.656Z		CONTINENT_DERIVED_FROM_COUNTRY;INSTITUTION_MATCH_FUZZY
440107500	217b0d4f-c87e-4063-b6c5-78277e40e866	http://coldb.mnhn.fr/catalognumber/mnhn/ra/1987.1878	Animalia	Chordata	Reptilia	Squamata	Pseudoxyrhophiidae	Langaha	Langaha madagascariensis		SPECIES	Langaha nasuta Shaw, 1802	Langaha nasuta Shaw, 1790	Shaw, 1790	MG	Fenerive		PRESENT		2cd829bb-b713-433d-99cf-64bef11e5b3e									1967-12-01	1	12	1967	6NWYS	6NWZ9	PRESERVED_SPECIMEN	MNHN	RA	1987.1878		Domergue, Charles Antoine		CC_BY_4_0					2026-09-01T22:24:58.932Z		INSTITUTION_MATCH_FUZZY
440106615	217b0d4f-c87e-4063-b6c5-78277e40e866	http://coldb.mnhn.fr/catalognumber/mnhn/ra/1986.1388	Animalia	Chordata	Reptilia	Squamata	Pseudoxyrhophiidae	Langaha	Langaha madagascariensis		SPECIES	Langaha nasuta Shaw, 1802	Langaha nasuta Shaw, 1790	Shaw, 1790	MG	Forêt de Vohibaza, près du village de Besimaty, route d'Ankazoabo		PRESENT		2cd829bb-b713-433d-99cf-64bef11e5b3e									1965-06-10	10	6	1965	6NWYS	6NWZ9	PRESERVED_SPECIMEN	MNHN	RA	1986.1388				CC_BY_4_0		J. Thiel			2026-09-01T22:24:58.949Z		INSTITUTION_MATCH_FUZZY
440106614	217b0d4f-c87e-4063-b6c5-78277e40e866	http://coldb.mnhn.fr/catalognumber/mnhn/ra/1986.1381	Animalia	Chordata	Reptilia	Squamata	Pseudoxyrhophiidae	Langaha	Langaha alluaudi		SPECIES	Langaha alluaudi Mocquard, 1901	Langaha alluaudi Mocquard, 1901	Mocquard, 1901	MG		Province de Toliara	PRESENT		2cd829bb-b713-433d-99cf-64bef11e5b3e									1967-02-12	12	2	1967	6NWYV	6NWYV	PRESERVED_SPECIMEN	MNHN	RA	1986.1381				CC_BY_4_0					2026-09-01T22:24:59.067Z		INSTITUTION_MATCH_FUZZY
440093496	217b0d4f-c87e-4063-b6c5-78277e40e866	http://coldb.mnhn.fr/catalognumber/mnhn/ra/1950.179	Animalia	Chordata	Reptilia	Squamata	Pseudoxyrhophiidae	Langaha	Langaha madagascariensis		SPECIES	Langaha nasuta Shaw, 1802	Langaha nasuta Shaw, 1790	Shaw, 1790	MG	Ambatomainty		PRESENT		2cd829bb-b713-433d-99cf-64bef11e5b3e													6NWYS	6NWZ9	PRESERVED_SPECIMEN	MNHN	RA	1950.179		Catalogue		CC_BY_4_0					2026-09-01T22:24:58.876Z		INSTITUTION_MATCH_FUZZY
440093343	217b0d4f-c87e-4063-b6c5-78277e40e866	http://coldb.mnhn.fr/catalognumber/mnhn/ra/1950.370	Animalia	Chordata	Reptilia	Squamata	Pseudoxyrhophiidae	Langaha	Langaha alluaudi		SPECIES	Langaha alluaudi Mocquard, 1901	Langaha alluaudi Mocquard, 1901	Mocquard, 1901	MG	Sans localité précise	Tuléar (O.)	PRESENT		2cd829bb-b713-433d-99cf-64bef11e5b3e													6NWYV	6NWYV	PRESERVED_SPECIMEN	MNHN	RA	1950.370		Catalogue		CC_BY_4_0		Millot, Jacques			2026-09-01T22:24:58.713Z		CONTINENT_DERIVED_FROM_COUNTRY;INSTITUTION_MATCH_FUZZY
440092184	217b0d4f-c87e-4063-b6c5-78277e40e866	http://coldb.mnhn.fr/catalognumber/mnhn/ra/1978.2920	Animalia	Chordata	Reptilia	Squamata	Pseudoxyrhophiidae	Langaha	Langaha madagascariensis		SPECIES	Langaha nasuta Shaw, 1802	Langaha nasuta Shaw, 1790	Shaw, 1790	MG	Ifaty, Tulear		PRESENT		2cd829bb-b713-433d-99cf-64bef11e5b3e									1972-01-01	1	1	1972	6NWYS	6NWZ9	PRESERVED_SPECIMEN	MNHN	RA	1978.2920		Domergue, Charles Antoine		CC_BY_4_0		Domergue, Charles Antoine			2026-09-01T22:24:58.861Z		CONTINENT_DERIVED_FROM_COUNTRY;INSTITUTION_MATCH_FUZZY
440089706	217b0d4f-c87e-4063-b6c5-78277e40e866	http://coldb.mnhn.fr/catalognumber/mnhn/ra/1989.2975	Animalia	Chordata	Reptilia	Squamata	Pseudoxyrhophiidae	Langaha	Langaha madagascariensis		SPECIES	Langaha nasuta Shaw, 1802	Langaha nasuta Shaw, 1790	Shaw, 1790	MG	Sans localité précise		PRESENT		2cd829bb-b713-433d-99cf-64bef11e5b3e													6NWYS	6NWZ9	PRESERVED_SPECIMEN	MNHN	RA	1989.2975		Domergue, Charles Antoine		CC_BY_4_0		Domergue, Charles Antoine			2026-09-01T22:24:56.263Z		INSTITUTION_MATCH_FUZZY
440082511	217b0d4f-c87e-4063-b6c5-78277e40e866	http://coldb.mnhn.fr/catalognumber/mnhn/ra/1991.4355	Animalia	Chordata	Reptilia	Squamata	Pseudoxyrhophiidae	Langaha	Langaha madagascariensis		SPECIES	Langaha nasuta Shaw, 1802	Langaha nasuta Shaw, 1790	Shaw, 1790	ZZ	Sans localité		PRESENT		2cd829bb-b713-433d-99cf-64bef11e5b3e													6NWYS	6NWZ9	PRESERVED_SPECIMEN	MNHN	RA	1991.4355				CC_BY_4_0					2026-09-01T22:24:56.199Z		INSTITUTION_MATCH_FUZZY
440074765	217b0d4f-c87e-4063-b6c5-78277e40e866	http://coldb.mnhn.fr/catalognumber/mnhn/ra/0.3644	Animalia	Chordata	Reptilia	Squamata	Pseudoxyrhophiidae	Langaha	Langaha madagascariensis		SPECIES	Langaha nasuta Shaw, 1802	Langaha nasuta Shaw, 1790	Shaw, 1790	MG	Sans localité précise		PRESENT		2cd829bb-b713-433d-99cf-64bef11e5b3e													6NWYS	6NWZ9	PRESERVED_SPECIMEN	MNHN	RA	0.3644				CC_BY_4_0		Coquerel			2026-09-01T22:24:56.071Z		INSTITUTION_MATCH_FUZZY
440074764	217b0d4f-c87e-4063-b6c5-78277e40e866	http://coldb.mnhn.fr/catalognumber/mnhn/ra/0.3643	Animalia	Chordata	Reptilia	Squamata	Pseudoxyrhophiidae	Langaha	Langaha madagascariensis		SPECIES	Langaha nasuta Shaw, 1802	Langaha nasuta Shaw, 1790	Shaw, 1790	MG	Sans localité précise		PRESENT		2cd829bb-b713-433d-99cf-64bef11e5b3e													6NWYS	6NWZ9	PRESERVED_SPECIMEN	MNHN	RA	0.3643				CC_BY_4_0		Bernier, Alphonse Charles Joseph			2026-09-01T22:24:56.071Z		INSTITUTION_MATCH_FUZZY
440074763	217b0d4f-c87e-4063-b6c5-78277e40e866	http://coldb.mnhn.fr/catalognumber/mnhn/ra/0.3642	Animalia	Chordata	Reptilia	Squamata	Pseudoxyrhophiidae	Langaha	Langaha madagascariensis		SPECIES	Langaha nasuta Shaw, 1802	Langaha nasuta Shaw, 1790	Shaw, 1790	MG	Sans localité précise		PRESENT		2cd829bb-b713-433d-99cf-64bef11e5b3e													6NWYS	6NWZ9	PRESERVED_SPECIMEN	MNHN	RA	0.3642				CC_BY_4_0		Bernier, Alphonse Charles Joseph			2026-09-01T22:24:56.071Z		INSTITUTION_MATCH_FUZZY
440074762	217b0d4f-c87e-4063-b6c5-78277e40e866	http://coldb.mnhn.fr/catalognumber/mnhn/ra/0.3640	Animalia	Chordata	Reptilia	Squamata	Pseudoxyrhophiidae	Langaha	Langaha madagascariensis		SPECIES	Langaha nasuta Shaw, 1802	Langaha nasuta Shaw, 1790	Shaw, 1790	MG	Sans localité précise		PRESENT		2cd829bb-b713-433d-99cf-64bef11e5b3e													6NWYS	6NWZ9	PRESERVED_SPECIMEN	MNHN	RA	0.3640				CC_BY_4_0		Sganzin			2026-09-01T22:24:56.105Z		INSTITUTION_MATCH_FUZZY
440074336	217b0d4f-c87e-4063-b6c5-78277e40e866	http://coldb.mnhn.fr/catalognumber/mnhn/ra/1950.180	Animalia	Chordata	Reptilia	Squamata	Pseudoxyrhophiidae	Langaha	Langaha madagascariensis		SPECIES	Langaha nasuta Shaw, 1802	Langaha nasuta Shaw, 1790	Shaw, 1790	MG	Ambatomainty		PRESENT		2cd829bb-b713-433d-99cf-64bef11e5b3e													6NWYS	6NWZ9	PRESERVED_SPECIMEN	MNHN	RA	1950.180		Catalogue		CC_BY_4_0					2026-09-01T22:24:56.067Z		INSTITUTION_MATCH_FUZZY
440069787	217b0d4f-c87e-4063-b6c5-78277e40e866	http://coldb.mnhn.fr/catalognumber/mnhn/ra/1989.3199	Animalia	Chordata	Reptilia	Squamata	Pseudoxyrhophiidae	Langaha	Langaha alluaudi		SPECIES	Langaha alluaudi Mocquard, 1901	Langaha alluaudi Mocquard, 1901	Mocquard, 1901	MG	Inotry		PRESENT		2cd829bb-b713-433d-99cf-64bef11e5b3e									1971-08-25	25	8	1971	6NWYV	6NWYV	PRESERVED_SPECIMEN	MNHN	RA	1989.3199		Domergue, Charles Antoine		CC_BY_4_0		Domergue, Charles Antoine			2026-09-01T22:24:55.999Z		CONTINENT_DERIVED_FROM_COUNTRY;INSTITUTION_MATCH_FUZZY
440069759	217b0d4f-c87e-4063-b6c5-78277e40e866	http://coldb.mnhn.fr/catalognumber/mnhn/ra/1989.3189	Animalia	Chordata	Reptilia	Squamata	Pseudoxyrhophiidae	Langaha	Langaha madagascariensis		SPECIES	Langaha nasuta Shaw, 1802	Langaha nasuta Shaw, 1790	Shaw, 1790	ZZ	Sans localité		PRESENT		2cd829bb-b713-433d-99cf-64bef11e5b3e													6NWYS	6NWZ9	PRESERVED_SPECIMEN	MNHN	RA	1989.3189		Domergue, Charles Antoine		CC_BY_4_0		Domergue, Charles Antoine			2026-09-01T22:24:58.643Z		INSTITUTION_MATCH_FUZZY
440064990	217b0d4f-c87e-4063-b6c5-78277e40e866	http://coldb.mnhn.fr/catalognumber/mnhn/ra/1977.1060	Animalia	Chordata	Reptilia	Squamata	Pseudoxyrhophiidae	Langaha	Langaha alluaudi		SPECIES	Langaha alluaudi Mocquard, 1901	Langaha alluaudi Mocquard, 1901	Mocquard, 1901	MG	Etrobeke	plateau Mahafaly	PRESENT		2cd829bb-b713-433d-99cf-64bef11e5b3e									1961-03-28	28	3	1961	6NWYV	6NWYV	PRESERVED_SPECIMEN	MNHN	RA	1977.1060				CC_BY_4_0					2026-09-01T22:24:55.959Z		INSTITUTION_MATCH_FUZZY
440057375	217b0d4f-c87e-4063-b6c5-78277e40e866	http://coldb.mnhn.fr/catalognumber/mnhn/ra/1986.1382	Animalia	Chordata	Reptilia	Squamata	Pseudoxyrhophiidae	Langaha	Langaha pseudoalluaudi		SPECIES	Langaha pseudoalluaudi Domergue, 1988	Langaha pseudoalluaudi Domergue, 1988	Domergue, 1988	MG	Port Bergé		PRESENT		2cd829bb-b713-433d-99cf-64bef11e5b3e													6NWZ4	6NWZ4	PRESERVED_SPECIMEN	MNHN	RA	1986.1382				CC_BY_4_0		Dr Paul Randrianarivalo			2026-09-01T22:24:55.827Z		INSTITUTION_MATCH_FUZZY
440056263	217b0d4f-c87e-4063-b6c5-78277e40e866	http://coldb.mnhn.fr/catalognumber/mnhn/ra/0.8930	Animalia	Chordata	Reptilia	Squamata	Pseudoxyrhophiidae	Langaha	Langaha madagascariensis		SPECIES	Langaha nasuta Shaw, 1802	Langaha nasuta Shaw, 1790	Shaw, 1790	MG	Antanambe		PRESENT		2cd829bb-b713-433d-99cf-64bef11e5b3e													6NWYS	6NWZ9	PRESERVED_SPECIMEN	MNHN	RA	0.8930		Catalogue		CC_BY_4_0		IRSM			2026-09-01T22:24:58.455Z		INSTITUTION_MATCH_FUZZY
440055941	217b0d4f-c87e-4063-b6c5-78277e40e866	http://coldb.mnhn.fr/catalognumber/mnhn/ra/0.3641	Animalia	Chordata	Reptilia	Squamata	Pseudoxyrhophiidae	Langaha	Langaha madagascariensis		SPECIES	Langaha nasuta Shaw, 1802	Langaha nasuta Shaw, 1790	Shaw, 1790	MG	Sans localité précise		PRESENT		2cd829bb-b713-433d-99cf-64bef11e5b3e													6NWYS	6NWZ9	PRESERVED_SPECIMEN	MNHN	RA	0.3641				CC_BY_4_0		Coquerel			2026-09-01T22:24:55.842Z		INSTITUTION_MATCH_FUZZY
440055940	217b0d4f-c87e-4063-b6c5-78277e40e866	http://coldb.mnhn.fr/catalognumber/mnhn/ra/0.3639	Animalia	Chordata	Reptilia	Squamata	Pseudoxyrhophiidae	Langaha	Langaha madagascariensis		SPECIES	Langaha nasuta Shaw, 1802	Langaha nasuta Shaw, 1790	Shaw, 1790	MG	Sans localité précise		PRESENT		2cd829bb-b713-433d-99cf-64bef11e5b3e													6NWYS	6NWZ9	PRESERVED_SPECIMEN	MNHN	RA	0.3639				CC_BY_4_0		Delessert			2026-09-01T22:24:55.714Z		INSTITUTION_MATCH_FUZZY
440055939	217b0d4f-c87e-4063-b6c5-78277e40e866	http://coldb.mnhn.fr/catalognumber/mnhn/ra/0.3638	Animalia	Chordata	Reptilia	Squamata	Pseudoxyrhophiidae	Langaha	Langaha madagascariensis		SPECIES	Langaha nasuta Shaw, 1802	Langaha nasuta Shaw, 1790	Shaw, 1790	MG	Sans localité précise		PRESENT		2cd829bb-b713-433d-99cf-64bef11e5b3e													6NWYS	6NWZ9	PRESERVED_SPECIMEN	MNHN	RA	0.3638				CC_BY_4_0		Bernier, Alphonse Charles Joseph			2026-09-01T22:24:55.842Z		INSTITUTION_MATCH_FUZZY
440053021	217b0d4f-c87e-4063-b6c5-78277e40e866	http://coldb.mnhn.fr/catalognumber/mnhn/ra/1978.30	Animalia	Chordata	Reptilia	Squamata	Pseudoxyrhophiidae	Langaha	Langaha alluaudi		SPECIES	Langaha alluaudi Mocquard, 1901	Langaha alluaudi Mocquard, 1901	Mocquard, 1901	MG	Ampijoroa		PRESENT		2cd829bb-b713-433d-99cf-64bef11e5b3e									1964-12-02	2	12	1964	6NWYV	6NWYV	PRESERVED_SPECIMEN	MNHN	RA	1978.30		Domergue, Charles Antoine		CC_BY_4_0		Domergue, Charles Antoine			2026-09-01T22:24:55.707Z		INSTITUTION_MATCH_FUZZY
440051681	217b0d4f-c87e-4063-b6c5-78277e40e866	http://coldb.mnhn.fr/catalognumber/mnhn/ra/1989.2957	Animalia	Chordata	Reptilia	Squamata	Pseudoxyrhophiidae	Langaha	Langaha madagascariensis		SPECIES	Langaha nasuta Shaw, 1802	Langaha nasuta Shaw, 1790	Shaw, 1790	MG	Sans localité précise		PRESENT		2cd829bb-b713-433d-99cf-64bef11e5b3e													6NWYS	6NWZ9	PRESERVED_SPECIMEN	MNHN	RA	1989.2957		Domergue, Charles Antoine		CC_BY_4_0		Domergue, Charles Antoine			2026-09-01T22:24:58.484Z		INSTITUTION_MATCH_FUZZY
440037067	217b0d4f-c87e-4063-b6c5-78277e40e866	http://coldb.mnhn.fr/catalognumber/mnhn/ra/0.8329	Animalia	Chordata	Reptilia	Squamata	Pseudoxyrhophiidae	Langaha	Langaha madagascariensis		SPECIES	Langaha nasuta Shaw, 1802	Langaha nasuta Shaw, 1790	Shaw, 1790	ZZ	Sans localité		PRESENT		2cd829bb-b713-433d-99cf-64bef11e5b3e													6NWYS	6NWZ9	PRESERVED_SPECIMEN	MNHN	RA	0.8329		Catalogue		CC_BY_4_0					2026-09-01T22:24:55.363Z		INSTITUTION_MATCH_FUZZY
440036641	217b0d4f-c87e-4063-b6c5-78277e40e866	http://coldb.mnhn.fr/catalognumber/mnhn/ra/1950.178	Animalia	Chordata	Reptilia	Squamata	Pseudoxyrhophiidae	Langaha	Langaha madagascariensis		SPECIES	Langaha nasuta Shaw, 1802	Langaha nasuta Shaw, 1790	Shaw, 1790	MG	Behelaka		PRESENT		2cd829bb-b713-433d-99cf-64bef11e5b3e													6NWYS	6NWZ9	PRESERVED_SPECIMEN	MNHN	RA	1950.178		Catalogue		CC_BY_4_0		Jordran			2026-09-01T22:24:58.373Z		CONTINENT_DERIVED_FROM_COUNTRY;INSTITUTION_MATCH_FUZZY
440036640	217b0d4f-c87e-4063-b6c5-78277e40e866	http://coldb.mnhn.fr/catalognumber/mnhn/ra/1950.176	Animalia	Chordata	Reptilia	Squamata	Pseudoxyrhophiidae	Langaha	Langaha alluaudi		SPECIES	Langaha alluaudi Mocquard, 1901	Langaha alluaudi Mocquard, 1901	Mocquard, 1901	MG		Province de Toliara	PRESENT		2cd829bb-b713-433d-99cf-64bef11e5b3e													6NWYV	6NWYV	PRESERVED_SPECIMEN	MNHN	RA	1950.176		Catalogue		CC_BY_4_0		Decary, Raymond			2026-09-01T22:24:58.267Z		INSTITUTION_MATCH_FUZZY
199454945	0d8f74b3-42b9-488f-9ec1-1faefaff1d1c	urn:uuid:360bd2a9-f813-4fa3-b35c-80df78483b8c	Animalia	Chordata	Reptilia	Squamata	Pseudoxyrhophiidae	Langaha	Langaha madagascariensis		SPECIES	Langaha madagascariensis Bonaterre, 1790	Langaha madagascariensis Bonaterre, 1790	Bonaterre, 1790	MG			PRESENT		f314b0b0-e3dc-11d9-8d81-b8a03c50a862									1877			1877	6NWZ9	6NWZ9	PRESERVED_SPECIMEN	NHMO	AR	NHMO-AR-2056/1-P				CC_BY_4_0	Natural History Museum, University of Oslo, Norway	Guldberg, Carl Johan			2026-09-16T12:01:52.792Z		INSTITUTION_MATCH_FUZZY;INSTITUTION_COLLECTION_MISMATCH
